INFO 2026-06-04 01:15:05,760 autoreload 9652 604 Watching for file changes with StatReloader
INFO 2026-06-04 01:15:19,663 basehttp 9652 11864 "GET / HTTP/1.1" 200 10580
INFO 2026-06-04 01:17:53,627 basehttp 9652 11864 "GET / HTTP/1.1" 200 10597
INFO 2026-06-04 01:18:02,039 basehttp 9652 11864 "GET /about/ HTTP/1.1" 200 10768
INFO 2026-06-04 01:21:35,332 basehttp 9652 1856 "GET /about/ HTTP/1.1" 200 10941
INFO 2026-06-04 01:21:48,633 basehttp 9652 1856 "GET /about/ HTTP/1.1" 200 10941
INFO 2026-06-04 01:22:28,607 basehttp 9652 1856 "GET /about/ HTTP/1.1" 200 10949
INFO 2026-06-04 01:23:14,704 basehttp 9652 1856 "GET /about/ HTTP/1.1" 200 10969
ERROR 2026-06-04 01:23:42,189 log 9652 1856 Internal Server Error: /faq/
Traceback (most recent call last):
  File "C:\Users\Скай АВ Тех\AppData\Local\Programs\Python\Python314\Lib\site-packages\django\db\backends\utils.py", line 89, in _execute
    return self.cursor.execute(sql, params)
           ~~~~~~~~~~~~~~~~~~~^^^^^^^^^^^^^
  File "C:\Users\Скай АВ Тех\AppData\Local\Programs\Python\Python314\Lib\site-packages\django\db\backends\sqlite3\base.py", line 328, in execute
    return super().execute(query, params)
           ~~~~~~~~~~~~~~~^^^^^^^^^^^^^^^
sqlite3.OperationalError: no such table: core_commissionsettings

The above exception was the direct cause of the following exception:

Traceback (most recent call last):
  File "C:\Users\Скай АВ Тех\AppData\Local\Programs\Python\Python314\Lib\site-packages\django\core\handlers\exception.py", line 55, in inner
    response = get_response(request)
  File "C:\Users\Скай АВ Тех\AppData\Local\Programs\Python\Python314\Lib\site-packages\django\core\handlers\base.py", line 197, in _get_response
    response = wrapped_callback(request, *callback_args, **callback_kwargs)
  File "W:\semestr\mybank\core\views.py", line 51, in faq
    {'question': 'Какая комиссия за сделки?', 'answer': f'Комиссия составляет {CommissionSettings.get_current().commission_percent}% от суммы сделки.'},
                                                                               ~~~~~~~~~~~~~~~~~~~~~~~~~~~~~~^^
  File "W:\semestr\mybank\core\models.py", line 349, in get_current
    obj, created = cls.objects.get_or_create(id=1)
                   ~~~~~~~~~~~~~~~~~~~~~~~~~^^^^^^
  File "C:\Users\Скай АВ Тех\AppData\Local\Programs\Python\Python314\Lib\site-packages\django\db\models\manager.py", line 87, in manager_method
    return getattr(self.get_queryset(), name)(*args, **kwargs)
           ~~~~~~~~~~~~~~~~~~~~~~~~~~~~~~~~~~^^^^^^^^^^^^^^^^^
  File "C:\Users\Скай АВ Тех\AppData\Local\Programs\Python\Python314\Lib\site-packages\django\db\models\query.py", line 916, in get_or_create
    return self.get(**kwargs), False
           ~~~~~~~~^^^^^^^^^^
  File "C:\Users\Скай АВ Тех\AppData\Local\Programs\Python\Python314\Lib\site-packages\django\db\models\query.py", line 633, in get
    num = len(clone)
  File "C:\Users\Скай АВ Тех\AppData\Local\Programs\Python\Python314\Lib\site-packages\django\db\models\query.py", line 380, in __len__
    self._fetch_all()
    ~~~~~~~~~~~~~~~^^
  File "C:\Users\Скай АВ Тех\AppData\Local\Programs\Python\Python314\Lib\site-packages\django\db\models\query.py", line 1881, in _fetch_all
    self._result_cache = list(self._iterable_class(self))
                         ~~~~^^^^^^^^^^^^^^^^^^^^^^^^^^^^
  File "C:\Users\Скай АВ Тех\AppData\Local\Programs\Python\Python314\Lib\site-packages\django\db\models\query.py", line 91, in __iter__
    results = compiler.execute_sql(
        chunked_fetch=self.chunked_fetch, chunk_size=self.chunk_size
    )
  File "C:\Users\Скай АВ Тех\AppData\Local\Programs\Python\Python314\Lib\site-packages\django\db\models\sql\compiler.py", line 1560, in execute_sql
    cursor.execute(sql, params)
    ~~~~~~~~~~~~~~^^^^^^^^^^^^^
  File "C:\Users\Скай АВ Тех\AppData\Local\Programs\Python\Python314\Lib\site-packages\django\db\backends\utils.py", line 102, in execute
    return super().execute(sql, params)
           ~~~~~~~~~~~~~~~^^^^^^^^^^^^^
  File "C:\Users\Скай АВ Тех\AppData\Local\Programs\Python\Python314\Lib\site-packages\django\db\backends\utils.py", line 67, in execute
    return self._execute_with_wrappers(
           ~~~~~~~~~~~~~~~~~~~~~~~~~~~^
        sql, params, many=False, executor=self._execute
        ^^^^^^^^^^^^^^^^^^^^^^^^^^^^^^^^^^^^^^^^^^^^^^^
    )
    ^
  File "C:\Users\Скай АВ Тех\AppData\Local\Programs\Python\Python314\Lib\site-packages\django\db\backends\utils.py", line 80, in _execute_with_wrappers
    return executor(sql, params, many, context)
  File "C:\Users\Скай АВ Тех\AppData\Local\Programs\Python\Python314\Lib\site-packages\django\db\backends\utils.py", line 84, in _execute
    with self.db.wrap_database_errors:
         ^^^^^^^^^^^^^^^^^^^^^^^^^^^^
  File "C:\Users\Скай АВ Тех\AppData\Local\Programs\Python\Python314\Lib\site-packages\django\db\utils.py", line 91, in __exit__
    raise dj_exc_value.with_traceback(traceback) from exc_value
  File "C:\Users\Скай АВ Тех\AppData\Local\Programs\Python\Python314\Lib\site-packages\django\db\backends\utils.py", line 89, in _execute
    return self.cursor.execute(sql, params)
           ~~~~~~~~~~~~~~~~~~~^^^^^^^^^^^^^
  File "C:\Users\Скай АВ Тех\AppData\Local\Programs\Python\Python314\Lib\site-packages\django\db\backends\sqlite3\base.py", line 328, in execute
    return super().execute(query, params)
           ~~~~~~~~~~~~~~~^^^^^^^^^^^^^^^
django.db.utils.OperationalError: no such table: core_commissionsettings
ERROR 2026-06-04 01:23:42,199 basehttp 9652 1856 "GET /faq/ HTTP/1.1" 500 152918
INFO 2026-06-04 01:24:38,475 autoreload 16272 10592 Watching for file changes with StatReloader
INFO 2026-06-04 01:25:06,630 autoreload 14632 15600 Watching for file changes with StatReloader
ERROR 2026-06-04 01:25:12,748 log 14632 14292 Internal Server Error: /faq/
Traceback (most recent call last):
  File "C:\Users\Скай АВ Тех\AppData\Local\Programs\Python\Python314\Lib\site-packages\django\db\backends\utils.py", line 89, in _execute
    return self.cursor.execute(sql, params)
           ~~~~~~~~~~~~~~~~~~~^^^^^^^^^^^^^
  File "C:\Users\Скай АВ Тех\AppData\Local\Programs\Python\Python314\Lib\site-packages\django\db\backends\sqlite3\base.py", line 328, in execute
    return super().execute(query, params)
           ~~~~~~~~~~~~~~~^^^^^^^^^^^^^^^
sqlite3.OperationalError: no such table: core_commissionsettings

The above exception was the direct cause of the following exception:

Traceback (most recent call last):
  File "C:\Users\Скай АВ Тех\AppData\Local\Programs\Python\Python314\Lib\site-packages\django\core\handlers\exception.py", line 55, in inner
    response = get_response(request)
  File "C:\Users\Скай АВ Тех\AppData\Local\Programs\Python\Python314\Lib\site-packages\django\core\handlers\base.py", line 197, in _get_response
    response = wrapped_callback(request, *callback_args, **callback_kwargs)
  File "W:\semestr\mybank\core\views.py", line 51, in faq
    {'question': 'Какая комиссия за сделки?', 'answer': f'Комиссия составляет {CommissionSettings.get_current().commission_percent}% от суммы сделки.'},
                                                                               ~~~~~~~~~~~~~~~~~~~~~~~~~~~~~~^^
  File "W:\semestr\mybank\core\models.py", line 349, in get_current
    obj, created = cls.objects.get_or_create(id=1)
                   ~~~~~~~~~~~~~~~~~~~~~~~~~^^^^^^
  File "C:\Users\Скай АВ Тех\AppData\Local\Programs\Python\Python314\Lib\site-packages\django\db\models\manager.py", line 87, in manager_method
    return getattr(self.get_queryset(), name)(*args, **kwargs)
           ~~~~~~~~~~~~~~~~~~~~~~~~~~~~~~~~~~^^^^^^^^^^^^^^^^^
  File "C:\Users\Скай АВ Тех\AppData\Local\Programs\Python\Python314\Lib\site-packages\django\db\models\query.py", line 916, in get_or_create
    return self.get(**kwargs), False
           ~~~~~~~~^^^^^^^^^^
  File "C:\Users\Скай АВ Тех\AppData\Local\Programs\Python\Python314\Lib\site-packages\django\db\models\query.py", line 633, in get
    num = len(clone)
  File "C:\Users\Скай АВ Тех\AppData\Local\Programs\Python\Python314\Lib\site-packages\django\db\models\query.py", line 380, in __len__
    self._fetch_all()
    ~~~~~~~~~~~~~~~^^
  File "C:\Users\Скай АВ Тех\AppData\Local\Programs\Python\Python314\Lib\site-packages\django\db\models\query.py", line 1881, in _fetch_all
    self._result_cache = list(self._iterable_class(self))
                         ~~~~^^^^^^^^^^^^^^^^^^^^^^^^^^^^
  File "C:\Users\Скай АВ Тех\AppData\Local\Programs\Python\Python314\Lib\site-packages\django\db\models\query.py", line 91, in __iter__
    results = compiler.execute_sql(
        chunked_fetch=self.chunked_fetch, chunk_size=self.chunk_size
    )
  File "C:\Users\Скай АВ Тех\AppData\Local\Programs\Python\Python314\Lib\site-packages\django\db\models\sql\compiler.py", line 1560, in execute_sql
    cursor.execute(sql, params)
    ~~~~~~~~~~~~~~^^^^^^^^^^^^^
  File "C:\Users\Скай АВ Тех\AppData\Local\Programs\Python\Python314\Lib\site-packages\django\db\backends\utils.py", line 102, in execute
    return super().execute(sql, params)
           ~~~~~~~~~~~~~~~^^^^^^^^^^^^^
  File "C:\Users\Скай АВ Тех\AppData\Local\Programs\Python\Python314\Lib\site-packages\django\db\backends\utils.py", line 67, in execute
    return self._execute_with_wrappers(
           ~~~~~~~~~~~~~~~~~~~~~~~~~~~^
        sql, params, many=False, executor=self._execute
        ^^^^^^^^^^^^^^^^^^^^^^^^^^^^^^^^^^^^^^^^^^^^^^^
    )
    ^
  File "C:\Users\Скай АВ Тех\AppData\Local\Programs\Python\Python314\Lib\site-packages\django\db\backends\utils.py", line 80, in _execute_with_wrappers
    return executor(sql, params, many, context)
  File "C:\Users\Скай АВ Тех\AppData\Local\Programs\Python\Python314\Lib\site-packages\django\db\backends\utils.py", line 84, in _execute
    with self.db.wrap_database_errors:
         ^^^^^^^^^^^^^^^^^^^^^^^^^^^^
  File "C:\Users\Скай АВ Тех\AppData\Local\Programs\Python\Python314\Lib\site-packages\django\db\utils.py", line 91, in __exit__
    raise dj_exc_value.with_traceback(traceback) from exc_value
  File "C:\Users\Скай АВ Тех\AppData\Local\Programs\Python\Python314\Lib\site-packages\django\db\backends\utils.py", line 89, in _execute
    return self.cursor.execute(sql, params)
           ~~~~~~~~~~~~~~~~~~~^^^^^^^^^^^^^
  File "C:\Users\Скай АВ Тех\AppData\Local\Programs\Python\Python314\Lib\site-packages\django\db\backends\sqlite3\base.py", line 328, in execute
    return super().execute(query, params)
           ~~~~~~~~~~~~~~~^^^^^^^^^^^^^^^
django.db.utils.OperationalError: no such table: core_commissionsettings
ERROR 2026-06-04 01:25:12,757 basehttp 14632 14292 "GET /faq/ HTTP/1.1" 500 153055
INFO 2026-06-04 01:30:01,644 autoreload 4876 14692 Watching for file changes with StatReloader
INFO 2026-06-04 01:30:07,259 basehttp 4876 11936 "GET /faq/ HTTP/1.1" 200 11348
INFO 2026-06-04 01:30:26,049 basehttp 4876 11936 "GET /contacts/ HTTP/1.1" 200 10565
INFO 2026-06-04 01:32:36,802 basehttp 4876 11936 "GET /contacts/ HTTP/1.1" 200 10598
INFO 2026-06-04 01:32:48,160 basehttp 4876 11936 "GET /contacts/ HTTP/1.1" 200 10598
INFO 2026-06-04 01:32:49,994 basehttp 4876 11936 "GET /login/ HTTP/1.1" 200 8855
INFO 2026-06-04 01:32:56,770 basehttp 4876 11936 "POST /login/ HTTP/1.1" 302 0
INFO 2026-06-04 01:32:56,801 basehttp 4876 11936 "GET / HTTP/1.1" 200 11736
ERROR 2026-06-04 01:33:07,180 log 4876 11936 Internal Server Error: /dashboard/
Traceback (most recent call last):
  File "C:\Users\Скай АВ Тех\AppData\Local\Programs\Python\Python314\Lib\site-packages\django\core\handlers\exception.py", line 55, in inner
    response = get_response(request)
  File "C:\Users\Скай АВ Тех\AppData\Local\Programs\Python\Python314\Lib\site-packages\django\core\handlers\base.py", line 197, in _get_response
    response = wrapped_callback(request, *callback_args, **callback_kwargs)
  File "C:\Users\Скай АВ Тех\AppData\Local\Programs\Python\Python314\Lib\site-packages\django\contrib\auth\decorators.py", line 23, in _wrapper_view
    return view_func(request, *args, **kwargs)
  File "W:\semestr\mybank\core\decorators.py", line 19, in wrapped
    return view_func(request, *args, **kwargs)
  File "W:\semestr\mybank\core\views.py", line 140, in dashboard
    profile = request.user.profile
              ^^^^^^^^^^^^^^^^^^^^
  File "C:\Users\Скай АВ Тех\AppData\Local\Programs\Python\Python314\Lib\site-packages\django\utils\functional.py", line 268, in inner
    return func(_wrapped, *args)
  File "C:\Users\Скай АВ Тех\AppData\Local\Programs\Python\Python314\Lib\site-packages\django\db\models\fields\related_descriptors.py", line 492, in __get__
    raise self.RelatedObjectDoesNotExist(
    ...<2 lines>...
    )
core.models.User.profile.RelatedObjectDoesNotExist: User has no profile.
ERROR 2026-06-04 01:33:07,186 basehttp 4876 11936 "GET /dashboard/ HTTP/1.1" 500 90979
ERROR 2026-06-04 01:34:52,087 log 4876 11936 Internal Server Error: /account/
Traceback (most recent call last):
  File "C:\Users\Скай АВ Тех\AppData\Local\Programs\Python\Python314\Lib\site-packages\django\core\handlers\exception.py", line 55, in inner
    response = get_response(request)
  File "C:\Users\Скай АВ Тех\AppData\Local\Programs\Python\Python314\Lib\site-packages\django\core\handlers\base.py", line 197, in _get_response
    response = wrapped_callback(request, *callback_args, **callback_kwargs)
  File "C:\Users\Скай АВ Тех\AppData\Local\Programs\Python\Python314\Lib\site-packages\django\contrib\auth\decorators.py", line 23, in _wrapper_view
    return view_func(request, *args, **kwargs)
  File "W:\semestr\mybank\core\decorators.py", line 19, in wrapped
    return view_func(request, *args, **kwargs)
  File "W:\semestr\mybank\core\views.py", line 182, in account
    profile = request.user.profile
              ^^^^^^^^^^^^^^^^^^^^
  File "C:\Users\Скай АВ Тех\AppData\Local\Programs\Python\Python314\Lib\site-packages\django\utils\functional.py", line 268, in inner
    return func(_wrapped, *args)
  File "C:\Users\Скай АВ Тех\AppData\Local\Programs\Python\Python314\Lib\site-packages\django\db\models\fields\related_descriptors.py", line 492, in __get__
    raise self.RelatedObjectDoesNotExist(
    ...<2 lines>...
    )
core.models.User.profile.RelatedObjectDoesNotExist: User has no profile.
ERROR 2026-06-04 01:34:52,090 basehttp 4876 11936 "GET /account/ HTTP/1.1" 500 90907
INFO 2026-06-04 01:34:55,047 basehttp 4876 11936 "GET /market/ HTTP/1.1" 200 8869
INFO 2026-06-04 01:34:58,879 basehttp 4876 11936 "GET /portfolio/ HTTP/1.1" 200 10718
ERROR 2026-06-04 01:35:01,647 log 4876 11936 Internal Server Error: /transactions/
Traceback (most recent call last):
  File "C:\Users\Скай АВ Тех\AppData\Local\Programs\Python\Python314\Lib\site-packages\django\core\handlers\exception.py", line 55, in inner
    response = get_response(request)
  File "C:\Users\Скай АВ Тех\AppData\Local\Programs\Python\Python314\Lib\site-packages\django\core\handlers\base.py", line 197, in _get_response
    response = wrapped_callback(request, *callback_args, **callback_kwargs)
  File "C:\Users\Скай АВ Тех\AppData\Local\Programs\Python\Python314\Lib\site-packages\django\contrib\auth\decorators.py", line 23, in _wrapper_view
    return view_func(request, *args, **kwargs)
  File "W:\semestr\mybank\core\decorators.py", line 19, in wrapped
    return view_func(request, *args, **kwargs)
  File "W:\semestr\mybank\core\views.py", line 473, in transactions
    return render(request, 'transactions.html', context)
  File "C:\Users\Скай АВ Тех\AppData\Local\Programs\Python\Python314\Lib\site-packages\django\shortcuts.py", line 24, in render
    content = loader.render_to_string(template_name, context, request, using=using)
  File "C:\Users\Скай АВ Тех\AppData\Local\Programs\Python\Python314\Lib\site-packages\django\template\loader.py", line 61, in render_to_string
    template = get_template(template_name, using=using)
  File "C:\Users\Скай АВ Тех\AppData\Local\Programs\Python\Python314\Lib\site-packages\django\template\loader.py", line 19, in get_template
    raise TemplateDoesNotExist(template_name, chain=chain)
django.template.exceptions.TemplateDoesNotExist: transactions.html
ERROR 2026-06-04 01:35:01,650 basehttp 4876 11936 "GET /transactions/ HTTP/1.1" 500 99770
INFO 2026-06-04 01:35:04,848 basehttp 4876 11936 "GET /about/ HTTP/1.1" 200 12188
ERROR 2026-06-04 01:35:13,753 log 4876 11936 Internal Server Error: /transactions/
Traceback (most recent call last):
  File "C:\Users\Скай АВ Тех\AppData\Local\Programs\Python\Python314\Lib\site-packages\django\core\handlers\exception.py", line 55, in inner
    response = get_response(request)
  File "C:\Users\Скай АВ Тех\AppData\Local\Programs\Python\Python314\Lib\site-packages\django\core\handlers\base.py", line 197, in _get_response
    response = wrapped_callback(request, *callback_args, **callback_kwargs)
  File "C:\Users\Скай АВ Тех\AppData\Local\Programs\Python\Python314\Lib\site-packages\django\contrib\auth\decorators.py", line 23, in _wrapper_view
    return view_func(request, *args, **kwargs)
  File "W:\semestr\mybank\core\decorators.py", line 19, in wrapped
    return view_func(request, *args, **kwargs)
  File "W:\semestr\mybank\core\views.py", line 473, in transactions
    return render(request, 'transactions.html', context)
  File "C:\Users\Скай АВ Тех\AppData\Local\Programs\Python\Python314\Lib\site-packages\django\shortcuts.py", line 24, in render
    content = loader.render_to_string(template_name, context, request, using=using)
  File "C:\Users\Скай АВ Тех\AppData\Local\Programs\Python\Python314\Lib\site-packages\django\template\loader.py", line 61, in render_to_string
    template = get_template(template_name, using=using)
  File "C:\Users\Скай АВ Тех\AppData\Local\Programs\Python\Python314\Lib\site-packages\django\template\loader.py", line 19, in get_template
    raise TemplateDoesNotExist(template_name, chain=chain)
django.template.exceptions.TemplateDoesNotExist: transactions.html
ERROR 2026-06-04 01:35:13,756 basehttp 4876 11936 "GET /transactions/ HTTP/1.1" 500 99766
INFO 2026-06-04 01:35:17,614 basehttp 4876 11936 "GET /portfolio/ HTTP/1.1" 200 10718
INFO 2026-06-04 01:37:50,944 basehttp 4876 11936 "GET /portfolio/ HTTP/1.1" 200 10365
INFO 2026-06-04 01:38:03,818 basehttp 4876 11936 "GET /portfolio/ HTTP/1.1" 200 10365
INFO 2026-06-04 01:38:12,243 basehttp 4876 11936 "GET /logout/ HTTP/1.1" 302 0
INFO 2026-06-04 01:38:12,291 basehttp 4876 11936 "GET / HTTP/1.1" 200 10597
INFO 2026-06-04 01:38:14,726 basehttp 4876 11936 "GET /login/ HTTP/1.1" 200 8855
INFO 2026-06-04 01:38:22,446 basehttp 4876 11936 "POST /login/ HTTP/1.1" 302 0
INFO 2026-06-04 01:38:22,461 basehttp 4876 11936 "GET / HTTP/1.1" 200 11383
INFO 2026-06-04 01:40:41,245 autoreload 4876 14692 W:\semestr\mybank\core\decorators.py changed, reloading.
INFO 2026-06-04 01:40:43,128 autoreload 14428 10440 Watching for file changes with StatReloader
INFO 2026-06-04 01:40:59,649 autoreload 14428 10440 W:\semestr\mybank\core\views.py changed, reloading.
INFO 2026-06-04 01:41:01,194 autoreload 12620 124 Watching for file changes with StatReloader
INFO 2026-06-04 01:41:04,601 basehttp 12620 12792 "GET / HTTP/1.1" 200 11383
INFO 2026-06-04 01:42:04,296 basehttp 12620 12792 "GET / HTTP/1.1" 200 12396
ERROR 2026-06-04 01:42:08,431 log 12620 12792 Internal Server Error: /dashboard/
Traceback (most recent call last):
  File "C:\Users\Скай АВ Тех\AppData\Local\Programs\Python\Python314\Lib\site-packages\django\core\handlers\exception.py", line 55, in inner
    response = get_response(request)
  File "C:\Users\Скай АВ Тех\AppData\Local\Programs\Python\Python314\Lib\site-packages\django\core\handlers\base.py", line 197, in _get_response
    response = wrapped_callback(request, *callback_args, **callback_kwargs)
  File "C:\Users\Скай АВ Тех\AppData\Local\Programs\Python\Python314\Lib\site-packages\django\contrib\auth\decorators.py", line 23, in _wrapper_view
    return view_func(request, *args, **kwargs)
  File "W:\semestr\mybank\core\decorators.py", line 37, in wrapped
    return view_func(request, *args, **kwargs)
  File "W:\semestr\mybank\core\views.py", line 146, in dashboard
    profile = request.user.profile
              ^^^^^^^^^^^^^^^^^^^^
  File "C:\Users\Скай АВ Тех\AppData\Local\Programs\Python\Python314\Lib\site-packages\django\utils\functional.py", line 268, in inner
    return func(_wrapped, *args)
  File "C:\Users\Скай АВ Тех\AppData\Local\Programs\Python\Python314\Lib\site-packages\django\db\models\fields\related_descriptors.py", line 492, in __get__
    raise self.RelatedObjectDoesNotExist(
    ...<2 lines>...
    )
core.models.User.profile.RelatedObjectDoesNotExist: User has no profile.
ERROR 2026-06-04 01:42:08,435 basehttp 12620 12792 "GET /dashboard/ HTTP/1.1" 500 90996
ERROR 2026-06-04 01:42:11,787 log 12620 12792 Internal Server Error: /account/
Traceback (most recent call last):
  File "C:\Users\Скай АВ Тех\AppData\Local\Programs\Python\Python314\Lib\site-packages\django\core\handlers\exception.py", line 55, in inner
    response = get_response(request)
  File "C:\Users\Скай АВ Тех\AppData\Local\Programs\Python\Python314\Lib\site-packages\django\core\handlers\base.py", line 197, in _get_response
    response = wrapped_callback(request, *callback_args, **callback_kwargs)
  File "C:\Users\Скай АВ Тех\AppData\Local\Programs\Python\Python314\Lib\site-packages\django\contrib\auth\decorators.py", line 23, in _wrapper_view
    return view_func(request, *args, **kwargs)
  File "W:\semestr\mybank\core\decorators.py", line 37, in wrapped
    return view_func(request, *args, **kwargs)
  File "W:\semestr\mybank\core\views.py", line 194, in account
    profile = request.user.profile
              ^^^^^^^^^^^^^^^^^^^^
  File "C:\Users\Скай АВ Тех\AppData\Local\Programs\Python\Python314\Lib\site-packages\django\utils\functional.py", line 268, in inner
    return func(_wrapped, *args)
  File "C:\Users\Скай АВ Тех\AppData\Local\Programs\Python\Python314\Lib\site-packages\django\db\models\fields\related_descriptors.py", line 492, in __get__
    raise self.RelatedObjectDoesNotExist(
    ...<2 lines>...
    )
core.models.User.profile.RelatedObjectDoesNotExist: User has no profile.
ERROR 2026-06-04 01:42:11,792 basehttp 12620 12792 "GET /account/ HTTP/1.1" 500 90938
INFO 2026-06-04 01:42:14,451 basehttp 12620 12792 "GET /portfolio/ HTTP/1.1" 200 11378
INFO 2026-06-04 01:42:15,561 basehttp 12620 12792 "GET /market/ HTTP/1.1" 200 9529
INFO 2026-06-04 01:42:16,812 basehttp 12620 12792 "GET /portfolio/ HTTP/1.1" 200 11378
ERROR 2026-06-04 01:42:17,880 log 12620 12792 Internal Server Error: /transactions/
Traceback (most recent call last):
  File "C:\Users\Скай АВ Тех\AppData\Local\Programs\Python\Python314\Lib\site-packages\django\core\handlers\exception.py", line 55, in inner
    response = get_response(request)
  File "C:\Users\Скай АВ Тех\AppData\Local\Programs\Python\Python314\Lib\site-packages\django\core\handlers\base.py", line 197, in _get_response
    response = wrapped_callback(request, *callback_args, **callback_kwargs)
  File "C:\Users\Скай АВ Тех\AppData\Local\Programs\Python\Python314\Lib\site-packages\django\contrib\auth\decorators.py", line 23, in _wrapper_view
    return view_func(request, *args, **kwargs)
  File "W:\semestr\mybank\core\decorators.py", line 37, in wrapped
    return view_func(request, *args, **kwargs)
  File "W:\semestr\mybank\core\views.py", line 503, in transactions
    return render(request, 'transactions.html', context)
  File "C:\Users\Скай АВ Тех\AppData\Local\Programs\Python\Python314\Lib\site-packages\django\shortcuts.py", line 24, in render
    content = loader.render_to_string(template_name, context, request, using=using)
  File "C:\Users\Скай АВ Тех\AppData\Local\Programs\Python\Python314\Lib\site-packages\django\template\loader.py", line 61, in render_to_string
    template = get_template(template_name, using=using)
  File "C:\Users\Скай АВ Тех\AppData\Local\Programs\Python\Python314\Lib\site-packages\django\template\loader.py", line 19, in get_template
    raise TemplateDoesNotExist(template_name, chain=chain)
django.template.exceptions.TemplateDoesNotExist: transactions.html
ERROR 2026-06-04 01:42:17,885 basehttp 12620 12792 "GET /transactions/ HTTP/1.1" 500 99706
INFO 2026-06-04 01:43:49,550 autoreload 14236 3632 Watching for file changes with StatReloader
INFO 2026-06-04 01:43:54,534 basehttp 14236 6796 "GET /portfolio/ HTTP/1.1" 302 0
WARNING 2026-06-04 01:43:54,671 log 14236 6796 Not Found: /admin/clients/
WARNING 2026-06-04 01:43:54,672 basehttp 14236 6796 "GET /admin/clients/ HTTP/1.1" 404 6025
INFO 2026-06-04 01:43:59,170 basehttp 14236 6796 "GET /market/ HTTP/1.1" 302 0
WARNING 2026-06-04 01:43:59,195 log 14236 6796 Not Found: /admin/clients/
WARNING 2026-06-04 01:43:59,196 basehttp 14236 6796 "GET /admin/clients/ HTTP/1.1" 404 6025
WARNING 2026-06-04 01:44:00,610 log 14236 6796 Not Found: /admin/clients/
WARNING 2026-06-04 01:44:00,611 basehttp 14236 6796 "GET /admin/clients/ HTTP/1.1" 404 6025
WARNING 2026-06-04 01:44:01,737 log 14236 6796 Not Found: /admin/clients/
WARNING 2026-06-04 01:44:01,737 basehttp 14236 6796 "GET /admin/clients/ HTTP/1.1" 404 6025
INFO 2026-06-04 01:44:11,517 basehttp 14236 6796 "GET / HTTP/1.1" 200 12716
WARNING 2026-06-04 01:44:14,205 log 14236 6796 Not Found: /admin/clients/
WARNING 2026-06-04 01:44:14,206 basehttp 14236 6796 "GET /admin/clients/ HTTP/1.1" 404 6025
WARNING 2026-06-04 01:44:16,791 log 14236 6796 Not Found: /admin/managers/
WARNING 2026-06-04 01:44:16,792 basehttp 14236 6796 "GET /admin/managers/ HTTP/1.1" 404 6028
WARNING 2026-06-04 01:44:18,907 log 14236 6796 Not Found: /admin/assets/
WARNING 2026-06-04 01:44:18,907 basehttp 14236 6796 "GET /admin/assets/ HTTP/1.1" 404 6022
WARNING 2026-06-04 01:44:21,015 log 14236 6796 Not Found: /admin/margin-call/
WARNING 2026-06-04 01:44:21,016 basehttp 14236 6796 "GET /admin/margin-call/ HTTP/1.1" 404 6037
WARNING 2026-06-04 01:44:24,479 log 14236 6796 Not Found: /admin/commission/
WARNING 2026-06-04 01:44:24,480 basehttp 14236 6796 "GET /admin/commission/ HTTP/1.1" 404 6034
WARNING 2026-06-04 01:44:27,222 log 14236 6796 Not Found: /admin/logs/
WARNING 2026-06-04 01:44:27,222 basehttp 14236 6796 "GET /admin/logs/ HTTP/1.1" 404 6016
INFO 2026-06-04 01:44:29,642 basehttp 14236 6796 "GET /about/ HTTP/1.1" 200 13168
INFO 2026-06-04 01:44:31,741 basehttp 14236 6796 "GET /faq/ HTTP/1.1" 200 13548
INFO 2026-06-04 01:44:32,481 basehttp 14236 6796 "GET /contacts/ HTTP/1.1" 200 12797
WARNING 2026-06-04 01:45:41,159 log 14236 6796 Not Found: /admin/clients/
WARNING 2026-06-04 01:45:41,160 basehttp 14236 6796 "GET /admin/clients/ HTTP/1.1" 404 6025
WARNING 2026-06-04 01:45:49,109 log 14236 6796 Not Found: /.well-known/appspecific/com.chrome.devtools.json
WARNING 2026-06-04 01:45:49,109 basehttp 14236 6796 "GET /.well-known/appspecific/com.chrome.devtools.json HTTP/1.1" 404 10195
INFO 2026-06-04 01:46:32,039 autoreload 14236 3632 W:\semestr\mybank\core\urls.py changed, reloading.
INFO 2026-06-04 01:46:33,805 autoreload 2944 13072 Watching for file changes with StatReloader
INFO 2026-06-04 01:46:46,348 autoreload 2944 13072 W:\semestr\mybank\core\views.py changed, reloading.
INFO 2026-06-04 01:46:48,074 autoreload 692 6736 Watching for file changes with StatReloader
WARNING 2026-06-04 01:46:53,257 log 692 13248 Not Found: /admin/clients/
WARNING 2026-06-04 01:46:53,258 basehttp 692 13248 "GET /admin/clients/ HTTP/1.1" 404 6025
INFO 2026-06-04 01:46:56,244 basehttp 692 13248 "GET /contacts/ HTTP/1.1" 200 12797
WARNING 2026-06-04 01:46:57,574 log 692 13248 Not Found: /admin/managers/
WARNING 2026-06-04 01:46:57,574 basehttp 692 13248 "GET /admin/managers/ HTTP/1.1" 404 6028
INFO 2026-06-04 01:49:37,385 autoreload 692 6736 W:\semestr\mybank\core\views.py changed, reloading.
INFO 2026-06-04 01:49:38,960 autoreload 2848 11496 Watching for file changes with StatReloader
WARNING 2026-06-04 01:49:43,377 log 2848 8920 Not Found: /admin/managers/
WARNING 2026-06-04 01:49:43,378 basehttp 2848 8920 "GET /admin/managers/ HTTP/1.1" 404 6028
WARNING 2026-06-04 01:49:48,041 log 2848 8920 Not Found: /admin/managers/
WARNING 2026-06-04 01:49:48,042 basehttp 2848 8920 "GET /admin/managers/ HTTP/1.1" 404 6028
INFO 2026-06-04 01:52:58,346 autoreload 2848 11496 W:\semestr\mybank\core\views.py changed, reloading.
INFO 2026-06-04 01:52:59,948 autoreload 3288 2192 Watching for file changes with StatReloader
WARNING 2026-06-04 01:53:05,060 log 3288 13440 Not Found: /admin/managers/
WARNING 2026-06-04 01:53:05,061 basehttp 3288 13440 "GET /admin/managers/ HTTP/1.1" 404 6028
INFO 2026-06-04 01:53:08,417 basehttp 3288 13440 "GET /contacts/ HTTP/1.1" 200 12797
INFO 2026-06-04 01:53:10,252 basehttp 3288 13440 "GET /faq/ HTTP/1.1" 200 13548
WARNING 2026-06-04 01:53:11,877 log 3288 13440 Not Found: /admin/logs/
WARNING 2026-06-04 01:53:11,878 basehttp 3288 13440 "GET /admin/logs/ HTTP/1.1" 404 6016
INFO 2026-06-04 01:55:32,913 autoreload 3288 2192 W:\semestr\mybank\mybank\urls.py changed, reloading.
INFO 2026-06-04 01:55:34,856 autoreload 8164 11988 Watching for file changes with StatReloader
ERROR 2026-06-04 01:55:39,434 log 8164 7380 Internal Server Error: /admin/logs/
Traceback (most recent call last):
  File "C:\Users\Скай АВ Тех\AppData\Local\Programs\Python\Python314\Lib\site-packages\django\core\handlers\exception.py", line 55, in inner
    response = get_response(request)
  File "C:\Users\Скай АВ Тех\AppData\Local\Programs\Python\Python314\Lib\site-packages\django\core\handlers\base.py", line 197, in _get_response
    response = wrapped_callback(request, *callback_args, **callback_kwargs)
  File "C:\Users\Скай АВ Тех\AppData\Local\Programs\Python\Python314\Lib\site-packages\django\contrib\auth\decorators.py", line 23, in _wrapper_view
    return view_func(request, *args, **kwargs)
  File "W:\semestr\mybank\core\views.py", line 1518, in admin_logs
    return render(request, 'admin/logs.html', {'logs': logs})
  File "C:\Users\Скай АВ Тех\AppData\Local\Programs\Python\Python314\Lib\site-packages\django\shortcuts.py", line 24, in render
    content = loader.render_to_string(template_name, context, request, using=using)
  File "C:\Users\Скай АВ Тех\AppData\Local\Programs\Python\Python314\Lib\site-packages\django\template\loader.py", line 62, in render_to_string
    return template.render(context, request)
           ~~~~~~~~~~~~~~~^^^^^^^^^^^^^^^^^^
  File "C:\Users\Скай АВ Тех\AppData\Local\Programs\Python\Python314\Lib\site-packages\django\template\backends\django.py", line 61, in render
    return self.template.render(context)
           ~~~~~~~~~~~~~~~~~~~~^^^^^^^^^
  File "C:\Users\Скай АВ Тех\AppData\Local\Programs\Python\Python314\Lib\site-packages\django\template\base.py", line 175, in render
    return self._render(context)
           ~~~~~~~~~~~~^^^^^^^^^
  File "C:\Users\Скай АВ Тех\AppData\Local\Programs\Python\Python314\Lib\site-packages\django\template\base.py", line 167, in _render
    return self.nodelist.render(context)
           ~~~~~~~~~~~~~~~~~~~~^^^^^^^^^
  File "C:\Users\Скай АВ Тех\AppData\Local\Programs\Python\Python314\Lib\site-packages\django\template\base.py", line 1005, in render
    return SafeString("".join([node.render_annotated(context) for node in self]))
                               ~~~~~~~~~~~~~~~~~~~~~^^^^^^^^^
  File "C:\Users\Скай АВ Тех\AppData\Local\Programs\Python\Python314\Lib\site-packages\django\template\base.py", line 966, in render_annotated
    return self.render(context)
           ~~~~~~~~~~~^^^^^^^^^
  File "C:\Users\Скай АВ Тех\AppData\Local\Programs\Python\Python314\Lib\site-packages\django\template\loader_tags.py", line 157, in render
    return compiled_parent._render(context)
           ~~~~~~~~~~~~~~~~~~~~~~~^^^^^^^^^
  File "C:\Users\Скай АВ Тех\AppData\Local\Programs\Python\Python314\Lib\site-packages\django\template\base.py", line 167, in _render
    return self.nodelist.render(context)
           ~~~~~~~~~~~~~~~~~~~~^^^^^^^^^
  File "C:\Users\Скай АВ Тех\AppData\Local\Programs\Python\Python314\Lib\site-packages\django\template\base.py", line 1005, in render
    return SafeString("".join([node.render_annotated(context) for node in self]))
                               ~~~~~~~~~~~~~~~~~~~~~^^^^^^^^^
  File "C:\Users\Скай АВ Тех\AppData\Local\Programs\Python\Python314\Lib\site-packages\django\template\base.py", line 966, in render_annotated
    return self.render(context)
           ~~~~~~~~~~~^^^^^^^^^
  File "C:\Users\Скай АВ Тех\AppData\Local\Programs\Python\Python314\Lib\site-packages\django\template\defaulttags.py", line 321, in render
    return nodelist.render(context)
           ~~~~~~~~~~~~~~~^^^^^^^^^
  File "C:\Users\Скай АВ Тех\AppData\Local\Programs\Python\Python314\Lib\site-packages\django\template\base.py", line 1005, in render
    return SafeString("".join([node.render_annotated(context) for node in self]))
                               ~~~~~~~~~~~~~~~~~~~~~^^^^^^^^^
  File "C:\Users\Скай АВ Тех\AppData\Local\Programs\Python\Python314\Lib\site-packages\django\template\base.py", line 966, in render_annotated
    return self.render(context)
           ~~~~~~~~~~~^^^^^^^^^
  File "C:\Users\Скай АВ Тех\AppData\Local\Programs\Python\Python314\Lib\site-packages\django\template\defaulttags.py", line 471, in render
    url = reverse(view_name, args=args, kwargs=kwargs, current_app=current_app)
  File "C:\Users\Скай АВ Тех\AppData\Local\Programs\Python\Python314\Lib\site-packages\django\urls\base.py", line 88, in reverse
    return resolver._reverse_with_prefix(view, prefix, *args, **kwargs)
           ~~~~~~~~~~~~~~~~~~~~~~~~~~~~~^^^^^^^^^^^^^^^^^^^^^^^^^^^^^^^
  File "C:\Users\Скай АВ Тех\AppData\Local\Programs\Python\Python314\Lib\site-packages\django\urls\resolvers.py", line 828, in _reverse_with_prefix
    raise NoReverseMatch(msg)
django.urls.exceptions.NoReverseMatch: Reverse for 'logout' not found. 'logout' is not a valid view function or pattern name.
ERROR 2026-06-04 01:55:39,449 basehttp 8164 7380 "GET /admin/logs/ HTTP/1.1" 500 164298
INFO 2026-06-04 01:56:10,825 autoreload 8164 11988 W:\semestr\mybank\mybank\urls.py changed, reloading.
INFO 2026-06-04 01:56:12,197 autoreload 13836 4184 Watching for file changes with StatReloader
INFO 2026-06-04 01:57:09,506 basehttp 13836 15448 "GET /faq/ HTTP/1.1" 200 13548
INFO 2026-06-04 01:57:13,088 basehttp 13836 15448 "GET /logout/ HTTP/1.1" 302 0
INFO 2026-06-04 01:57:13,096 basehttp 13836 15448 "GET / HTTP/1.1" 200 10597
INFO 2026-06-04 01:57:15,237 basehttp 13836 15448 "GET /about/ HTTP/1.1" 200 10969
INFO 2026-06-04 01:57:16,047 basehttp 13836 15448 "GET /faq/ HTTP/1.1" 200 11349
INFO 2026-06-04 01:57:16,756 basehttp 13836 15448 "GET /contacts/ HTTP/1.1" 200 10598
INFO 2026-06-04 01:57:17,556 basehttp 13836 15448 "GET /login/ HTTP/1.1" 200 8855
INFO 2026-06-04 01:57:24,088 basehttp 13836 15448 "POST /login/ HTTP/1.1" 302 0
INFO 2026-06-04 01:57:24,102 basehttp 13836 15448 "GET / HTTP/1.1" 200 12716
INFO 2026-06-04 01:57:25,616 basehttp 13836 15448 "GET /admin/clients/ HTTP/1.1" 200 10282
INFO 2026-06-04 01:57:27,048 basehttp 13836 15448 "GET /admin/managers/ HTTP/1.1" 200 10514
INFO 2026-06-04 01:57:27,985 basehttp 13836 15448 "GET /admin/assets/ HTTP/1.1" 200 10844
ERROR 2026-06-04 01:57:28,839 log 13836 15448 Internal Server Error: /admin/margin-call/
Traceback (most recent call last):
  File "C:\Users\Скай АВ Тех\AppData\Local\Programs\Python\Python314\Lib\site-packages\django\core\handlers\exception.py", line 55, in inner
    response = get_response(request)
  File "C:\Users\Скай АВ Тех\AppData\Local\Programs\Python\Python314\Lib\site-packages\django\core\handlers\base.py", line 197, in _get_response
    response = wrapped_callback(request, *callback_args, **callback_kwargs)
  File "C:\Users\Скай АВ Тех\AppData\Local\Programs\Python\Python314\Lib\site-packages\django\contrib\auth\decorators.py", line 23, in _wrapper_view
    return view_func(request, *args, **kwargs)
  File "W:\semestr\mybank\core\views.py", line 1506, in admin_margin_call
    return render(request, 'admin/margin_call.html')
  File "C:\Users\Скай АВ Тех\AppData\Local\Programs\Python\Python314\Lib\site-packages\django\shortcuts.py", line 24, in render
    content = loader.render_to_string(template_name, context, request, using=using)
  File "C:\Users\Скай АВ Тех\AppData\Local\Programs\Python\Python314\Lib\site-packages\django\template\loader.py", line 61, in render_to_string
    template = get_template(template_name, using=using)
  File "C:\Users\Скай АВ Тех\AppData\Local\Programs\Python\Python314\Lib\site-packages\django\template\loader.py", line 15, in get_template
    return engine.get_template(template_name)
           ~~~~~~~~~~~~~~~~~~~^^^^^^^^^^^^^^^
  File "C:\Users\Скай АВ Тех\AppData\Local\Programs\Python\Python314\Lib\site-packages\django\template\backends\django.py", line 33, in get_template
    return Template(self.engine.get_template(template_name), self)
                    ~~~~~~~~~~~~~~~~~~~~~~~~^^^^^^^^^^^^^^^
  File "C:\Users\Скай АВ Тех\AppData\Local\Programs\Python\Python314\Lib\site-packages\django\template\engine.py", line 175, in get_template
    template, origin = self.find_template(template_name)
                       ~~~~~~~~~~~~~~~~~~^^^^^^^^^^^^^^^
  File "C:\Users\Скай АВ Тех\AppData\Local\Programs\Python\Python314\Lib\site-packages\django\template\engine.py", line 157, in find_template
    template = loader.get_template(name, skip=skip)
  File "C:\Users\Скай АВ Тех\AppData\Local\Programs\Python\Python314\Lib\site-packages\django\template\loaders\cached.py", line 57, in get_template
    template = super().get_template(template_name, skip)
  File "C:\Users\Скай АВ Тех\AppData\Local\Programs\Python\Python314\Lib\site-packages\django\template\loaders\base.py", line 28, in get_template
    return Template(
        contents,
    ...<2 lines>...
        self.engine,
    )
  File "C:\Users\Скай АВ Тех\AppData\Local\Programs\Python\Python314\Lib\site-packages\django\template\base.py", line 154, in __init__
    self.nodelist = self.compile_nodelist()
                    ~~~~~~~~~~~~~~~~~~~~~^^
  File "C:\Users\Скай АВ Тех\AppData\Local\Programs\Python\Python314\Lib\site-packages\django\template\base.py", line 200, in compile_nodelist
    return parser.parse()
           ~~~~~~~~~~~~^^
  File "C:\Users\Скай АВ Тех\AppData\Local\Programs\Python\Python314\Lib\site-packages\django\template\base.py", line 513, in parse
    raise self.error(token, e)
  File "C:\Users\Скай АВ Тех\AppData\Local\Programs\Python\Python314\Lib\site-packages\django\template\base.py", line 511, in parse
    compiled_result = compile_func(self, token)
  File "C:\Users\Скай АВ Тех\AppData\Local\Programs\Python\Python314\Lib\site-packages\django\template\loader_tags.py", line 293, in do_extends
    nodelist = parser.parse()
  File "C:\Users\Скай АВ Тех\AppData\Local\Programs\Python\Python314\Lib\site-packages\django\template\base.py", line 513, in parse
    raise self.error(token, e)
  File "C:\Users\Скай АВ Тех\AppData\Local\Programs\Python\Python314\Lib\site-packages\django\template\base.py", line 511, in parse
    compiled_result = compile_func(self, token)
  File "C:\Users\Скай АВ Тех\AppData\Local\Programs\Python\Python314\Lib\site-packages\django\template\loader_tags.py", line 232, in do_block
    nodelist = parser.parse(("endblock",))
  File "C:\Users\Скай АВ Тех\AppData\Local\Programs\Python\Python314\Lib\site-packages\django\template\base.py", line 513, in parse
    raise self.error(token, e)
  File "C:\Users\Скай АВ Тех\AppData\Local\Programs\Python\Python314\Lib\site-packages\django\template\base.py", line 511, in parse
    compiled_result = compile_func(self, token)
  File "C:\Users\Скай АВ Тех\AppData\Local\Programs\Python\Python314\Lib\site-packages\django\template\defaulttags.py", line 853, in do_for
    nodelist_loop = parser.parse(
        (
    ...<2 lines>...
        )
    )
  File "C:\Users\Скай АВ Тех\AppData\Local\Programs\Python\Python314\Lib\site-packages\django\template\base.py", line 484, in parse
    raise self.error(token, e)
  File "C:\Users\Скай АВ Тех\AppData\Local\Programs\Python\Python314\Lib\site-packages\django\template\base.py", line 482, in parse
    filter_expression = self.compile_filter(token.contents)
  File "C:\Users\Скай АВ Тех\AppData\Local\Programs\Python\Python314\Lib\site-packages\django\template\base.py", line 600, in compile_filter
    return FilterExpression(token, self)
  File "C:\Users\Скай АВ Тех\AppData\Local\Programs\Python\Python314\Lib\site-packages\django\template\base.py", line 699, in __init__
    self.args_check(filter_name, filter_func, args)
    ~~~~~~~~~~~~~~~^^^^^^^^^^^^^^^^^^^^^^^^^^^^^^^^
  File "C:\Users\Скай АВ Тех\AppData\Local\Programs\Python\Python314\Lib\site-packages\django\template\base.py", line 761, in args_check
    raise TemplateSyntaxError(
        "%s requires %d arguments, %d provided" % (name, alen - dlen, plen)
    )
django.template.exceptions.TemplateSyntaxError: add requires 2 arguments, 1 provided
ERROR 2026-06-04 01:57:28,856 basehttp 13836 15448 "GET /admin/margin-call/ HTTP/1.1" 500 247044
INFO 2026-06-04 01:57:41,195 basehttp 13836 15448 "GET /admin/clients/ HTTP/1.1" 200 10282
INFO 2026-06-04 01:57:41,943 basehttp 13836 15448 "GET /admin/managers/ HTTP/1.1" 200 10514
INFO 2026-06-04 01:57:43,018 basehttp 13836 15448 "GET /admin/assets/ HTTP/1.1" 200 10844
ERROR 2026-06-04 01:57:44,011 log 13836 15448 Internal Server Error: /admin/margin-call/
Traceback (most recent call last):
  File "C:\Users\Скай АВ Тех\AppData\Local\Programs\Python\Python314\Lib\site-packages\django\core\handlers\exception.py", line 55, in inner
    response = get_response(request)
  File "C:\Users\Скай АВ Тех\AppData\Local\Programs\Python\Python314\Lib\site-packages\django\core\handlers\base.py", line 197, in _get_response
    response = wrapped_callback(request, *callback_args, **callback_kwargs)
  File "C:\Users\Скай АВ Тех\AppData\Local\Programs\Python\Python314\Lib\site-packages\django\contrib\auth\decorators.py", line 23, in _wrapper_view
    return view_func(request, *args, **kwargs)
  File "W:\semestr\mybank\core\views.py", line 1506, in admin_margin_call
    return render(request, 'admin/margin_call.html')
  File "C:\Users\Скай АВ Тех\AppData\Local\Programs\Python\Python314\Lib\site-packages\django\shortcuts.py", line 24, in render
    content = loader.render_to_string(template_name, context, request, using=using)
  File "C:\Users\Скай АВ Тех\AppData\Local\Programs\Python\Python314\Lib\site-packages\django\template\loader.py", line 61, in render_to_string
    template = get_template(template_name, using=using)
  File "C:\Users\Скай АВ Тех\AppData\Local\Programs\Python\Python314\Lib\site-packages\django\template\loader.py", line 15, in get_template
    return engine.get_template(template_name)
           ~~~~~~~~~~~~~~~~~~~^^^^^^^^^^^^^^^
  File "C:\Users\Скай АВ Тех\AppData\Local\Programs\Python\Python314\Lib\site-packages\django\template\backends\django.py", line 33, in get_template
    return Template(self.engine.get_template(template_name), self)
                    ~~~~~~~~~~~~~~~~~~~~~~~~^^^^^^^^^^^^^^^
  File "C:\Users\Скай АВ Тех\AppData\Local\Programs\Python\Python314\Lib\site-packages\django\template\engine.py", line 175, in get_template
    template, origin = self.find_template(template_name)
                       ~~~~~~~~~~~~~~~~~~^^^^^^^^^^^^^^^
  File "C:\Users\Скай АВ Тех\AppData\Local\Programs\Python\Python314\Lib\site-packages\django\template\engine.py", line 157, in find_template
    template = loader.get_template(name, skip=skip)
  File "C:\Users\Скай АВ Тех\AppData\Local\Programs\Python\Python314\Lib\site-packages\django\template\loaders\cached.py", line 57, in get_template
    template = super().get_template(template_name, skip)
  File "C:\Users\Скай АВ Тех\AppData\Local\Programs\Python\Python314\Lib\site-packages\django\template\loaders\base.py", line 28, in get_template
    return Template(
        contents,
    ...<2 lines>...
        self.engine,
    )
  File "C:\Users\Скай АВ Тех\AppData\Local\Programs\Python\Python314\Lib\site-packages\django\template\base.py", line 154, in __init__
    self.nodelist = self.compile_nodelist()
                    ~~~~~~~~~~~~~~~~~~~~~^^
  File "C:\Users\Скай АВ Тех\AppData\Local\Programs\Python\Python314\Lib\site-packages\django\template\base.py", line 200, in compile_nodelist
    return parser.parse()
           ~~~~~~~~~~~~^^
  File "C:\Users\Скай АВ Тех\AppData\Local\Programs\Python\Python314\Lib\site-packages\django\template\base.py", line 513, in parse
    raise self.error(token, e)
  File "C:\Users\Скай АВ Тех\AppData\Local\Programs\Python\Python314\Lib\site-packages\django\template\base.py", line 511, in parse
    compiled_result = compile_func(self, token)
  File "C:\Users\Скай АВ Тех\AppData\Local\Programs\Python\Python314\Lib\site-packages\django\template\loader_tags.py", line 293, in do_extends
    nodelist = parser.parse()
  File "C:\Users\Скай АВ Тех\AppData\Local\Programs\Python\Python314\Lib\site-packages\django\template\base.py", line 513, in parse
    raise self.error(token, e)
  File "C:\Users\Скай АВ Тех\AppData\Local\Programs\Python\Python314\Lib\site-packages\django\template\base.py", line 511, in parse
    compiled_result = compile_func(self, token)
  File "C:\Users\Скай АВ Тех\AppData\Local\Programs\Python\Python314\Lib\site-packages\django\template\loader_tags.py", line 232, in do_block
    nodelist = parser.parse(("endblock",))
  File "C:\Users\Скай АВ Тех\AppData\Local\Programs\Python\Python314\Lib\site-packages\django\template\base.py", line 513, in parse
    raise self.error(token, e)
  File "C:\Users\Скай АВ Тех\AppData\Local\Programs\Python\Python314\Lib\site-packages\django\template\base.py", line 511, in parse
    compiled_result = compile_func(self, token)
  File "C:\Users\Скай АВ Тех\AppData\Local\Programs\Python\Python314\Lib\site-packages\django\template\defaulttags.py", line 853, in do_for
    nodelist_loop = parser.parse(
        (
    ...<2 lines>...
        )
    )
  File "C:\Users\Скай АВ Тех\AppData\Local\Programs\Python\Python314\Lib\site-packages\django\template\base.py", line 484, in parse
    raise self.error(token, e)
  File "C:\Users\Скай АВ Тех\AppData\Local\Programs\Python\Python314\Lib\site-packages\django\template\base.py", line 482, in parse
    filter_expression = self.compile_filter(token.contents)
  File "C:\Users\Скай АВ Тех\AppData\Local\Programs\Python\Python314\Lib\site-packages\django\template\base.py", line 600, in compile_filter
    return FilterExpression(token, self)
  File "C:\Users\Скай АВ Тех\AppData\Local\Programs\Python\Python314\Lib\site-packages\django\template\base.py", line 699, in __init__
    self.args_check(filter_name, filter_func, args)
    ~~~~~~~~~~~~~~~^^^^^^^^^^^^^^^^^^^^^^^^^^^^^^^^
  File "C:\Users\Скай АВ Тех\AppData\Local\Programs\Python\Python314\Lib\site-packages\django\template\base.py", line 761, in args_check
    raise TemplateSyntaxError(
        "%s requires %d arguments, %d provided" % (name, alen - dlen, plen)
    )
django.template.exceptions.TemplateSyntaxError: add requires 2 arguments, 1 provided
ERROR 2026-06-04 01:57:44,017 basehttp 13836 15448 "GET /admin/margin-call/ HTTP/1.1" 500 247044
INFO 2026-06-04 01:57:51,394 basehttp 13836 15448 "GET /admin/commission/ HTTP/1.1" 200 10756
INFO 2026-06-04 01:57:52,892 basehttp 13836 15448 "GET /admin/logs/ HTTP/1.1" 200 11692
INFO 2026-06-04 01:57:54,409 basehttp 13836 15448 "GET /about/ HTTP/1.1" 200 13168
INFO 2026-06-04 01:57:57,287 basehttp 13836 15448 "GET /admin/assets/ HTTP/1.1" 200 10844
INFO 2026-06-04 01:58:18,038 basehttp 13836 15448 "GET /admin/clients/ HTTP/1.1" 200 10282
INFO 2026-06-04 01:58:25,845 basehttp 13836 15448 "GET /admin/managers/ HTTP/1.1" 200 10514
INFO 2026-06-04 01:58:28,567 basehttp 13836 15448 "GET /admin/clients/ HTTP/1.1" 200 10282
INFO 2026-06-04 01:58:29,524 basehttp 13836 15448 "GET /admin/managers/ HTTP/1.1" 200 10514
INFO 2026-06-04 01:58:35,417 basehttp 13836 15448 "GET /admin/assets/ HTTP/1.1" 200 10844
ERROR 2026-06-04 01:58:37,129 log 13836 15448 Internal Server Error: /admin/assets/add/
Traceback (most recent call last):
  File "C:\Users\Скай АВ Тех\AppData\Local\Programs\Python\Python314\Lib\site-packages\django\core\handlers\exception.py", line 55, in inner
    response = get_response(request)
  File "C:\Users\Скай АВ Тех\AppData\Local\Programs\Python\Python314\Lib\site-packages\django\core\handlers\base.py", line 197, in _get_response
    response = wrapped_callback(request, *callback_args, **callback_kwargs)
  File "C:\Users\Скай АВ Тех\AppData\Local\Programs\Python\Python314\Lib\site-packages\django\contrib\auth\decorators.py", line 23, in _wrapper_view
    return view_func(request, *args, **kwargs)
  File "W:\semestr\mybank\core\decorators.py", line 19, in wrapped
    return view_func(request, *args, **kwargs)
  File "W:\semestr\mybank\core\views.py", line 1065, in admin_add_asset
    return render(request, 'admin/asset_form.html', context)
  File "C:\Users\Скай АВ Тех\AppData\Local\Programs\Python\Python314\Lib\site-packages\django\shortcuts.py", line 24, in render
    content = loader.render_to_string(template_name, context, request, using=using)
  File "C:\Users\Скай АВ Тех\AppData\Local\Programs\Python\Python314\Lib\site-packages\django\template\loader.py", line 61, in render_to_string
    template = get_template(template_name, using=using)
  File "C:\Users\Скай АВ Тех\AppData\Local\Programs\Python\Python314\Lib\site-packages\django\template\loader.py", line 19, in get_template
    raise TemplateDoesNotExist(template_name, chain=chain)
django.template.exceptions.TemplateDoesNotExist: admin/asset_form.html
ERROR 2026-06-04 01:58:37,132 basehttp 13836 15448 "GET /admin/assets/add/ HTTP/1.1" 500 99011
INFO 2026-06-04 02:01:35,740 autoreload 13956 4052 Watching for file changes with StatReloader
ERROR 2026-06-04 02:01:40,751 log 13956 6564 Internal Server Error: /admin/assets/add/
Traceback (most recent call last):
  File "C:\Users\Скай АВ Тех\AppData\Local\Programs\Python\Python314\Lib\site-packages\django\core\handlers\exception.py", line 55, in inner
    response = get_response(request)
  File "C:\Users\Скай АВ Тех\AppData\Local\Programs\Python\Python314\Lib\site-packages\django\core\handlers\base.py", line 197, in _get_response
    response = wrapped_callback(request, *callback_args, **callback_kwargs)
  File "C:\Users\Скай АВ Тех\AppData\Local\Programs\Python\Python314\Lib\site-packages\django\contrib\auth\decorators.py", line 23, in _wrapper_view
    return view_func(request, *args, **kwargs)
  File "W:\semestr\mybank\core\decorators.py", line 19, in wrapped
    return view_func(request, *args, **kwargs)
  File "W:\semestr\mybank\core\views.py", line 1065, in admin_add_asset
    return render(request, 'admin/asset_form.html', context)
  File "C:\Users\Скай АВ Тех\AppData\Local\Programs\Python\Python314\Lib\site-packages\django\shortcuts.py", line 24, in render
    content = loader.render_to_string(template_name, context, request, using=using)
  File "C:\Users\Скай АВ Тех\AppData\Local\Programs\Python\Python314\Lib\site-packages\django\template\loader.py", line 61, in render_to_string
    template = get_template(template_name, using=using)
  File "C:\Users\Скай АВ Тех\AppData\Local\Programs\Python\Python314\Lib\site-packages\django\template\loader.py", line 19, in get_template
    raise TemplateDoesNotExist(template_name, chain=chain)
django.template.exceptions.TemplateDoesNotExist: admin/asset_form.html
ERROR 2026-06-04 02:01:40,755 basehttp 13956 6564 "GET /admin/assets/add/ HTTP/1.1" 500 99148
INFO 2026-06-04 02:02:42,708 basehttp 13956 6564 "GET /admin/assets/add/ HTTP/1.1" 200 12013
INFO 2026-06-04 02:02:48,984 basehttp 13956 6564 "GET /admin/clients/ HTTP/1.1" 200 10897
INFO 2026-06-04 02:03:06,480 basehttp 13956 6564 "GET /admin/managers/ HTTP/1.1" 200 10514
INFO 2026-06-04 02:03:09,906 basehttp 13956 6564 "GET /admin/assets/ HTTP/1.1" 200 11468
INFO 2026-06-04 02:03:13,674 basehttp 13956 6564 "GET /admin/assets/add/ HTTP/1.1" 200 12013
INFO 2026-06-04 02:03:58,007 basehttp 13956 6564 "POST /admin/assets/add/ HTTP/1.1" 302 0
INFO 2026-06-04 02:03:58,023 basehttp 13956 6564 "GET /admin/assets/ HTTP/1.1" 200 12735
INFO 2026-06-04 02:04:06,196 basehttp 13956 6564 "GET /admin/assets/2/edit/ HTTP/1.1" 200 12055
INFO 2026-06-04 02:04:17,919 basehttp 13956 6564 "GET /admin/assets/2/delete/ HTTP/1.1" 302 0
INFO 2026-06-04 02:04:17,939 basehttp 13956 6564 "GET /admin/assets/ HTTP/1.1" 200 11763
INFO 2026-06-04 02:04:19,739 basehttp 13956 6564 "GET /admin/assets/1/edit/ HTTP/1.1" 200 12047
INFO 2026-06-04 02:04:28,369 basehttp 13956 6564 "GET /admin/assets/1/edit/ HTTP/1.1" 200 12047
INFO 2026-06-04 02:04:30,842 basehttp 13956 6564 "POST /admin/assets/1/edit/ HTTP/1.1" 302 0
INFO 2026-06-04 02:04:30,856 basehttp 13956 6564 "GET /admin/assets/ HTTP/1.1" 200 11765
INFO 2026-06-04 02:04:33,167 basehttp 13956 6564 "GET /admin/assets/1/edit/ HTTP/1.1" 200 12048
INFO 2026-06-04 02:04:35,356 basehttp 13956 6564 "POST /admin/assets/1/edit/ HTTP/1.1" 302 0
INFO 2026-06-04 02:04:35,370 basehttp 13956 6564 "GET /admin/assets/ HTTP/1.1" 200 11764
ERROR 2026-06-04 02:04:38,411 log 13956 6564 Internal Server Error: /admin/margin-call/
Traceback (most recent call last):
  File "C:\Users\Скай АВ Тех\AppData\Local\Programs\Python\Python314\Lib\site-packages\django\core\handlers\exception.py", line 55, in inner
    response = get_response(request)
  File "C:\Users\Скай АВ Тех\AppData\Local\Programs\Python\Python314\Lib\site-packages\django\core\handlers\base.py", line 197, in _get_response
    response = wrapped_callback(request, *callback_args, **callback_kwargs)
  File "C:\Users\Скай АВ Тех\AppData\Local\Programs\Python\Python314\Lib\site-packages\django\contrib\auth\decorators.py", line 23, in _wrapper_view
    return view_func(request, *args, **kwargs)
  File "W:\semestr\mybank\core\views.py", line 1506, in admin_margin_call
    return render(request, 'admin/margin_call.html')
  File "C:\Users\Скай АВ Тех\AppData\Local\Programs\Python\Python314\Lib\site-packages\django\shortcuts.py", line 24, in render
    content = loader.render_to_string(template_name, context, request, using=using)
  File "C:\Users\Скай АВ Тех\AppData\Local\Programs\Python\Python314\Lib\site-packages\django\template\loader.py", line 61, in render_to_string
    template = get_template(template_name, using=using)
  File "C:\Users\Скай АВ Тех\AppData\Local\Programs\Python\Python314\Lib\site-packages\django\template\loader.py", line 15, in get_template
    return engine.get_template(template_name)
           ~~~~~~~~~~~~~~~~~~~^^^^^^^^^^^^^^^
  File "C:\Users\Скай АВ Тех\AppData\Local\Programs\Python\Python314\Lib\site-packages\django\template\backends\django.py", line 33, in get_template
    return Template(self.engine.get_template(template_name), self)
                    ~~~~~~~~~~~~~~~~~~~~~~~~^^^^^^^^^^^^^^^
  File "C:\Users\Скай АВ Тех\AppData\Local\Programs\Python\Python314\Lib\site-packages\django\template\engine.py", line 175, in get_template
    template, origin = self.find_template(template_name)
                       ~~~~~~~~~~~~~~~~~~^^^^^^^^^^^^^^^
  File "C:\Users\Скай АВ Тех\AppData\Local\Programs\Python\Python314\Lib\site-packages\django\template\engine.py", line 157, in find_template
    template = loader.get_template(name, skip=skip)
  File "C:\Users\Скай АВ Тех\AppData\Local\Programs\Python\Python314\Lib\site-packages\django\template\loaders\cached.py", line 57, in get_template
    template = super().get_template(template_name, skip)
  File "C:\Users\Скай АВ Тех\AppData\Local\Programs\Python\Python314\Lib\site-packages\django\template\loaders\base.py", line 28, in get_template
    return Template(
        contents,
    ...<2 lines>...
        self.engine,
    )
  File "C:\Users\Скай АВ Тех\AppData\Local\Programs\Python\Python314\Lib\site-packages\django\template\base.py", line 154, in __init__
    self.nodelist = self.compile_nodelist()
                    ~~~~~~~~~~~~~~~~~~~~~^^
  File "C:\Users\Скай АВ Тех\AppData\Local\Programs\Python\Python314\Lib\site-packages\django\template\base.py", line 200, in compile_nodelist
    return parser.parse()
           ~~~~~~~~~~~~^^
  File "C:\Users\Скай АВ Тех\AppData\Local\Programs\Python\Python314\Lib\site-packages\django\template\base.py", line 513, in parse
    raise self.error(token, e)
  File "C:\Users\Скай АВ Тех\AppData\Local\Programs\Python\Python314\Lib\site-packages\django\template\base.py", line 511, in parse
    compiled_result = compile_func(self, token)
  File "C:\Users\Скай АВ Тех\AppData\Local\Programs\Python\Python314\Lib\site-packages\django\template\loader_tags.py", line 293, in do_extends
    nodelist = parser.parse()
  File "C:\Users\Скай АВ Тех\AppData\Local\Programs\Python\Python314\Lib\site-packages\django\template\base.py", line 513, in parse
    raise self.error(token, e)
  File "C:\Users\Скай АВ Тех\AppData\Local\Programs\Python\Python314\Lib\site-packages\django\template\base.py", line 511, in parse
    compiled_result = compile_func(self, token)
  File "C:\Users\Скай АВ Тех\AppData\Local\Programs\Python\Python314\Lib\site-packages\django\template\loader_tags.py", line 232, in do_block
    nodelist = parser.parse(("endblock",))
  File "C:\Users\Скай АВ Тех\AppData\Local\Programs\Python\Python314\Lib\site-packages\django\template\base.py", line 513, in parse
    raise self.error(token, e)
  File "C:\Users\Скай АВ Тех\AppData\Local\Programs\Python\Python314\Lib\site-packages\django\template\base.py", line 511, in parse
    compiled_result = compile_func(self, token)
  File "C:\Users\Скай АВ Тех\AppData\Local\Programs\Python\Python314\Lib\site-packages\django\template\defaulttags.py", line 853, in do_for
    nodelist_loop = parser.parse(
        (
    ...<2 lines>...
        )
    )
  File "C:\Users\Скай АВ Тех\AppData\Local\Programs\Python\Python314\Lib\site-packages\django\template\base.py", line 484, in parse
    raise self.error(token, e)
  File "C:\Users\Скай АВ Тех\AppData\Local\Programs\Python\Python314\Lib\site-packages\django\template\base.py", line 482, in parse
    filter_expression = self.compile_filter(token.contents)
  File "C:\Users\Скай АВ Тех\AppData\Local\Programs\Python\Python314\Lib\site-packages\django\template\base.py", line 600, in compile_filter
    return FilterExpression(token, self)
  File "C:\Users\Скай АВ Тех\AppData\Local\Programs\Python\Python314\Lib\site-packages\django\template\base.py", line 699, in __init__
    self.args_check(filter_name, filter_func, args)
    ~~~~~~~~~~~~~~~^^^^^^^^^^^^^^^^^^^^^^^^^^^^^^^^
  File "C:\Users\Скай АВ Тех\AppData\Local\Programs\Python\Python314\Lib\site-packages\django\template\base.py", line 761, in args_check
    raise TemplateSyntaxError(
        "%s requires %d arguments, %d provided" % (name, alen - dlen, plen)
    )
django.template.exceptions.TemplateSyntaxError: add requires 2 arguments, 1 provided
ERROR 2026-06-04 02:04:38,420 basehttp 13956 6564 "GET /admin/margin-call/ HTTP/1.1" 500 247044
INFO 2026-06-04 02:04:41,389 basehttp 13956 6564 "GET /admin/logs/ HTTP/1.1" 200 11938
INFO 2026-06-04 02:04:50,128 basehttp 13956 6564 "GET /about/ HTTP/1.1" 200 13168
INFO 2026-06-04 02:04:53,256 basehttp 13956 6564 "GET /admin/commission/ HTTP/1.1" 200 10756
INFO 2026-06-04 02:04:58,917 basehttp 13956 6564 "POST /admin/commission/ HTTP/1.1" 200 10756
ERROR 2026-06-04 02:05:02,862 log 13956 6564 Internal Server Error: /admin/margin-call/
Traceback (most recent call last):
  File "C:\Users\Скай АВ Тех\AppData\Local\Programs\Python\Python314\Lib\site-packages\django\core\handlers\exception.py", line 55, in inner
    response = get_response(request)
  File "C:\Users\Скай АВ Тех\AppData\Local\Programs\Python\Python314\Lib\site-packages\django\core\handlers\base.py", line 197, in _get_response
    response = wrapped_callback(request, *callback_args, **callback_kwargs)
  File "C:\Users\Скай АВ Тех\AppData\Local\Programs\Python\Python314\Lib\site-packages\django\contrib\auth\decorators.py", line 23, in _wrapper_view
    return view_func(request, *args, **kwargs)
  File "W:\semestr\mybank\core\views.py", line 1506, in admin_margin_call
    return render(request, 'admin/margin_call.html')
  File "C:\Users\Скай АВ Тех\AppData\Local\Programs\Python\Python314\Lib\site-packages\django\shortcuts.py", line 24, in render
    content = loader.render_to_string(template_name, context, request, using=using)
  File "C:\Users\Скай АВ Тех\AppData\Local\Programs\Python\Python314\Lib\site-packages\django\template\loader.py", line 61, in render_to_string
    template = get_template(template_name, using=using)
  File "C:\Users\Скай АВ Тех\AppData\Local\Programs\Python\Python314\Lib\site-packages\django\template\loader.py", line 15, in get_template
    return engine.get_template(template_name)
           ~~~~~~~~~~~~~~~~~~~^^^^^^^^^^^^^^^
  File "C:\Users\Скай АВ Тех\AppData\Local\Programs\Python\Python314\Lib\site-packages\django\template\backends\django.py", line 33, in get_template
    return Template(self.engine.get_template(template_name), self)
                    ~~~~~~~~~~~~~~~~~~~~~~~~^^^^^^^^^^^^^^^
  File "C:\Users\Скай АВ Тех\AppData\Local\Programs\Python\Python314\Lib\site-packages\django\template\engine.py", line 175, in get_template
    template, origin = self.find_template(template_name)
                       ~~~~~~~~~~~~~~~~~~^^^^^^^^^^^^^^^
  File "C:\Users\Скай АВ Тех\AppData\Local\Programs\Python\Python314\Lib\site-packages\django\template\engine.py", line 157, in find_template
    template = loader.get_template(name, skip=skip)
  File "C:\Users\Скай АВ Тех\AppData\Local\Programs\Python\Python314\Lib\site-packages\django\template\loaders\cached.py", line 57, in get_template
    template = super().get_template(template_name, skip)
  File "C:\Users\Скай АВ Тех\AppData\Local\Programs\Python\Python314\Lib\site-packages\django\template\loaders\base.py", line 28, in get_template
    return Template(
        contents,
    ...<2 lines>...
        self.engine,
    )
  File "C:\Users\Скай АВ Тех\AppData\Local\Programs\Python\Python314\Lib\site-packages\django\template\base.py", line 154, in __init__
    self.nodelist = self.compile_nodelist()
                    ~~~~~~~~~~~~~~~~~~~~~^^
  File "C:\Users\Скай АВ Тех\AppData\Local\Programs\Python\Python314\Lib\site-packages\django\template\base.py", line 200, in compile_nodelist
    return parser.parse()
           ~~~~~~~~~~~~^^
  File "C:\Users\Скай АВ Тех\AppData\Local\Programs\Python\Python314\Lib\site-packages\django\template\base.py", line 513, in parse
    raise self.error(token, e)
  File "C:\Users\Скай АВ Тех\AppData\Local\Programs\Python\Python314\Lib\site-packages\django\template\base.py", line 511, in parse
    compiled_result = compile_func(self, token)
  File "C:\Users\Скай АВ Тех\AppData\Local\Programs\Python\Python314\Lib\site-packages\django\template\loader_tags.py", line 293, in do_extends
    nodelist = parser.parse()
  File "C:\Users\Скай АВ Тех\AppData\Local\Programs\Python\Python314\Lib\site-packages\django\template\base.py", line 513, in parse
    raise self.error(token, e)
  File "C:\Users\Скай АВ Тех\AppData\Local\Programs\Python\Python314\Lib\site-packages\django\template\base.py", line 511, in parse
    compiled_result = compile_func(self, token)
  File "C:\Users\Скай АВ Тех\AppData\Local\Programs\Python\Python314\Lib\site-packages\django\template\loader_tags.py", line 232, in do_block
    nodelist = parser.parse(("endblock",))
  File "C:\Users\Скай АВ Тех\AppData\Local\Programs\Python\Python314\Lib\site-packages\django\template\base.py", line 513, in parse
    raise self.error(token, e)
  File "C:\Users\Скай АВ Тех\AppData\Local\Programs\Python\Python314\Lib\site-packages\django\template\base.py", line 511, in parse
    compiled_result = compile_func(self, token)
  File "C:\Users\Скай АВ Тех\AppData\Local\Programs\Python\Python314\Lib\site-packages\django\template\defaulttags.py", line 853, in do_for
    nodelist_loop = parser.parse(
        (
    ...<2 lines>...
        )
    )
  File "C:\Users\Скай АВ Тех\AppData\Local\Programs\Python\Python314\Lib\site-packages\django\template\base.py", line 484, in parse
    raise self.error(token, e)
  File "C:\Users\Скай АВ Тех\AppData\Local\Programs\Python\Python314\Lib\site-packages\django\template\base.py", line 482, in parse
    filter_expression = self.compile_filter(token.contents)
  File "C:\Users\Скай АВ Тех\AppData\Local\Programs\Python\Python314\Lib\site-packages\django\template\base.py", line 600, in compile_filter
    return FilterExpression(token, self)
  File "C:\Users\Скай АВ Тех\AppData\Local\Programs\Python\Python314\Lib\site-packages\django\template\base.py", line 699, in __init__
    self.args_check(filter_name, filter_func, args)
    ~~~~~~~~~~~~~~~^^^^^^^^^^^^^^^^^^^^^^^^^^^^^^^^
  File "C:\Users\Скай АВ Тех\AppData\Local\Programs\Python\Python314\Lib\site-packages\django\template\base.py", line 761, in args_check
    raise TemplateSyntaxError(
        "%s requires %d arguments, %d provided" % (name, alen - dlen, plen)
    )
django.template.exceptions.TemplateSyntaxError: add requires 2 arguments, 1 provided
ERROR 2026-06-04 02:05:02,868 basehttp 13956 6564 "GET /admin/margin-call/ HTTP/1.1" 500 247048
ERROR 2026-06-04 02:06:31,663 log 13956 6564 Internal Server Error: /admin/margin-call/
Traceback (most recent call last):
  File "C:\Users\Скай АВ Тех\AppData\Local\Programs\Python\Python314\Lib\site-packages\django\core\handlers\exception.py", line 55, in inner
    response = get_response(request)
  File "C:\Users\Скай АВ Тех\AppData\Local\Programs\Python\Python314\Lib\site-packages\django\core\handlers\base.py", line 197, in _get_response
    response = wrapped_callback(request, *callback_args, **callback_kwargs)
  File "C:\Users\Скай АВ Тех\AppData\Local\Programs\Python\Python314\Lib\site-packages\django\contrib\auth\decorators.py", line 23, in _wrapper_view
    return view_func(request, *args, **kwargs)
  File "W:\semestr\mybank\core\views.py", line 1506, in admin_margin_call
    return render(request, 'admin/margin_call.html')
  File "C:\Users\Скай АВ Тех\AppData\Local\Programs\Python\Python314\Lib\site-packages\django\shortcuts.py", line 24, in render
    content = loader.render_to_string(template_name, context, request, using=using)
  File "C:\Users\Скай АВ Тех\AppData\Local\Programs\Python\Python314\Lib\site-packages\django\template\loader.py", line 61, in render_to_string
    template = get_template(template_name, using=using)
  File "C:\Users\Скай АВ Тех\AppData\Local\Programs\Python\Python314\Lib\site-packages\django\template\loader.py", line 15, in get_template
    return engine.get_template(template_name)
           ~~~~~~~~~~~~~~~~~~~^^^^^^^^^^^^^^^
  File "C:\Users\Скай АВ Тех\AppData\Local\Programs\Python\Python314\Lib\site-packages\django\template\backends\django.py", line 33, in get_template
    return Template(self.engine.get_template(template_name), self)
                    ~~~~~~~~~~~~~~~~~~~~~~~~^^^^^^^^^^^^^^^
  File "C:\Users\Скай АВ Тех\AppData\Local\Programs\Python\Python314\Lib\site-packages\django\template\engine.py", line 175, in get_template
    template, origin = self.find_template(template_name)
                       ~~~~~~~~~~~~~~~~~~^^^^^^^^^^^^^^^
  File "C:\Users\Скай АВ Тех\AppData\Local\Programs\Python\Python314\Lib\site-packages\django\template\engine.py", line 157, in find_template
    template = loader.get_template(name, skip=skip)
  File "C:\Users\Скай АВ Тех\AppData\Local\Programs\Python\Python314\Lib\site-packages\django\template\loaders\cached.py", line 57, in get_template
    template = super().get_template(template_name, skip)
  File "C:\Users\Скай АВ Тех\AppData\Local\Programs\Python\Python314\Lib\site-packages\django\template\loaders\base.py", line 28, in get_template
    return Template(
        contents,
    ...<2 lines>...
        self.engine,
    )
  File "C:\Users\Скай АВ Тех\AppData\Local\Programs\Python\Python314\Lib\site-packages\django\template\base.py", line 154, in __init__
    self.nodelist = self.compile_nodelist()
                    ~~~~~~~~~~~~~~~~~~~~~^^
  File "C:\Users\Скай АВ Тех\AppData\Local\Programs\Python\Python314\Lib\site-packages\django\template\base.py", line 200, in compile_nodelist
    return parser.parse()
           ~~~~~~~~~~~~^^
  File "C:\Users\Скай АВ Тех\AppData\Local\Programs\Python\Python314\Lib\site-packages\django\template\base.py", line 513, in parse
    raise self.error(token, e)
  File "C:\Users\Скай АВ Тех\AppData\Local\Programs\Python\Python314\Lib\site-packages\django\template\base.py", line 511, in parse
    compiled_result = compile_func(self, token)
  File "C:\Users\Скай АВ Тех\AppData\Local\Programs\Python\Python314\Lib\site-packages\django\template\loader_tags.py", line 293, in do_extends
    nodelist = parser.parse()
  File "C:\Users\Скай АВ Тех\AppData\Local\Programs\Python\Python314\Lib\site-packages\django\template\base.py", line 513, in parse
    raise self.error(token, e)
  File "C:\Users\Скай АВ Тех\AppData\Local\Programs\Python\Python314\Lib\site-packages\django\template\base.py", line 511, in parse
    compiled_result = compile_func(self, token)
  File "C:\Users\Скай АВ Тех\AppData\Local\Programs\Python\Python314\Lib\site-packages\django\template\loader_tags.py", line 232, in do_block
    nodelist = parser.parse(("endblock",))
  File "C:\Users\Скай АВ Тех\AppData\Local\Programs\Python\Python314\Lib\site-packages\django\template\base.py", line 513, in parse
    raise self.error(token, e)
  File "C:\Users\Скай АВ Тех\AppData\Local\Programs\Python\Python314\Lib\site-packages\django\template\base.py", line 511, in parse
    compiled_result = compile_func(self, token)
  File "C:\Users\Скай АВ Тех\AppData\Local\Programs\Python\Python314\Lib\site-packages\django\template\defaulttags.py", line 853, in do_for
    nodelist_loop = parser.parse(
        (
    ...<2 lines>...
        )
    )
  File "C:\Users\Скай АВ Тех\AppData\Local\Programs\Python\Python314\Lib\site-packages\django\template\base.py", line 484, in parse
    raise self.error(token, e)
  File "C:\Users\Скай АВ Тех\AppData\Local\Programs\Python\Python314\Lib\site-packages\django\template\base.py", line 482, in parse
    filter_expression = self.compile_filter(token.contents)
  File "C:\Users\Скай АВ Тех\AppData\Local\Programs\Python\Python314\Lib\site-packages\django\template\base.py", line 600, in compile_filter
    return FilterExpression(token, self)
  File "C:\Users\Скай АВ Тех\AppData\Local\Programs\Python\Python314\Lib\site-packages\django\template\base.py", line 699, in __init__
    self.args_check(filter_name, filter_func, args)
    ~~~~~~~~~~~~~~~^^^^^^^^^^^^^^^^^^^^^^^^^^^^^^^^
  File "C:\Users\Скай АВ Тех\AppData\Local\Programs\Python\Python314\Lib\site-packages\django\template\base.py", line 761, in args_check
    raise TemplateSyntaxError(
        "%s requires %d arguments, %d provided" % (name, alen - dlen, plen)
    )
django.template.exceptions.TemplateSyntaxError: add requires 2 arguments, 1 provided
ERROR 2026-06-04 02:06:31,669 basehttp 13956 6564 "GET /admin/margin-call/ HTTP/1.1" 500 247183
INFO 2026-06-04 02:07:18,090 basehttp 13956 6564 "GET /admin/margin-call/ HTTP/1.1" 200 10991
INFO 2026-06-04 02:08:07,335 autoreload 13956 4052 W:\semestr\mybank\core\views.py changed, reloading.
INFO 2026-06-04 02:08:09,048 autoreload 15852 5264 Watching for file changes with StatReloader
INFO 2026-06-04 02:09:27,849 basehttp 15852 10480 "GET /admin/margin-call/ HTTP/1.1" 200 10991
INFO 2026-06-04 02:09:30,017 basehttp 15852 10480 "GET /admin/margin-call/ HTTP/1.1" 200 10991
INFO 2026-06-04 02:09:32,343 basehttp 15852 10480 "GET /admin/commission/ HTTP/1.1" 200 10756
INFO 2026-06-04 02:09:34,031 basehttp 15852 10480 "GET /admin/margin-call/ HTTP/1.1" 200 10991
INFO 2026-06-04 02:09:37,957 basehttp 15852 10480 "GET /admin/clients/ HTTP/1.1" 200 10897
INFO 2026-06-04 02:09:41,466 basehttp 15852 10480 "GET /admin/commission/ HTTP/1.1" 200 10756
INFO 2026-06-04 02:09:42,332 basehttp 15852 10480 "GET /admin/logs/ HTTP/1.1" 200 11938
INFO 2026-06-04 02:09:43,858 basehttp 15852 10480 "GET /about/ HTTP/1.1" 200 13168
INFO 2026-06-04 02:09:44,782 basehttp 15852 10480 "GET /admin/commission/ HTTP/1.1" 200 10756
INFO 2026-06-04 02:09:45,448 basehttp 15852 10480 "GET /admin/margin-call/ HTTP/1.1" 200 10991
INFO 2026-06-04 02:10:03,974 autoreload 15852 5264 W:\semestr\mybank\core\views.py changed, reloading.
INFO 2026-06-04 02:10:05,348 autoreload 9212 3580 Watching for file changes with StatReloader
INFO 2026-06-04 02:10:09,887 basehttp 9212 15932 "GET /admin/margin-call/ HTTP/1.1" 200 10991
INFO 2026-06-04 02:10:41,826 autoreload 4032 4048 Watching for file changes with StatReloader
INFO 2026-06-04 02:13:33,253 autoreload 11656 8692 Watching for file changes with StatReloader
INFO 2026-06-04 02:13:37,398 basehttp 11656 2052 "GET /admin/margin-call/ HTTP/1.1" 200 10991
INFO 2026-06-04 02:13:39,843 basehttp 11656 2052 "GET /admin/margin-call/ HTTP/1.1" 200 10991
INFO 2026-06-04 02:13:40,882 basehttp 11656 2052 "GET /admin/margin-call/ HTTP/1.1" 200 10991
INFO 2026-06-04 02:15:47,933 autoreload 3128 1076 Watching for file changes with StatReloader
INFO 2026-06-04 02:15:50,660 autoreload 3128 1076 W:\semestr\mybank\core\views.py changed, reloading.
INFO 2026-06-04 02:15:52,007 autoreload 13844 11080 Watching for file changes with StatReloader
INFO 2026-06-04 02:15:56,104 basehttp 13844 1020 "GET /admin/margin-call/ HTTP/1.1" 200 10991
INFO 2026-06-04 02:15:58,874 basehttp 13844 1020 "GET /admin/margin-call/ HTTP/1.1" 200 10991
INFO 2026-06-04 02:16:01,345 basehttp 13844 1020 "GET /admin/assets/ HTTP/1.1" 200 11468
INFO 2026-06-04 02:16:03,598 basehttp 13844 1020 "GET /admin/margin-call/ HTTP/1.1" 200 10991
INFO 2026-06-04 02:16:46,417 autoreload 13844 11080 W:\semestr\mybank\core\views.py changed, reloading.
INFO 2026-06-04 02:16:48,036 autoreload 14904 15052 Watching for file changes with StatReloader
INFO 2026-06-04 02:16:51,581 basehttp 14904 468 "GET /admin/margin-call/ HTTP/1.1" 200 10991
INFO 2026-06-04 02:16:54,508 basehttp 14904 468 "GET /admin/margin-call/ HTTP/1.1" 200 10991
INFO 2026-06-04 02:16:55,494 basehttp 14904 468 "GET /admin/logs/ HTTP/1.1" 200 11938
INFO 2026-06-04 02:16:56,481 basehttp 14904 468 "GET /admin/margin-call/ HTTP/1.1" 200 10991
INFO 2026-06-04 02:16:59,474 basehttp 14904 468 "GET /logout/ HTTP/1.1" 302 0
INFO 2026-06-04 02:16:59,483 basehttp 14904 468 "GET / HTTP/1.1" 200 10597
INFO 2026-06-04 02:17:01,084 basehttp 14904 468 "GET /register/ HTTP/1.1" 200 10984
INFO 2026-06-04 02:17:04,019 basehttp 14904 468 "GET /login/ HTTP/1.1" 200 8855
INFO 2026-06-04 02:17:10,361 basehttp 14904 468 "POST /login/ HTTP/1.1" 302 0
INFO 2026-06-04 02:17:10,377 basehttp 14904 468 "GET / HTTP/1.1" 200 12716
INFO 2026-06-04 02:17:12,819 basehttp 14904 468 "GET /admin/margin-call/ HTTP/1.1" 200 10991
INFO 2026-06-04 02:17:54,713 autoreload 14904 15052 W:\semestr\mybank\core\views.py changed, reloading.
INFO 2026-06-04 02:17:56,292 autoreload 9912 6672 Watching for file changes with StatReloader
INFO 2026-06-04 02:18:00,607 basehttp 9912 16004 "GET /admin/clients/ HTTP/1.1" 200 11673
INFO 2026-06-04 02:18:01,621 basehttp 9912 16004 "GET /admin/margin-call/ HTTP/1.1" 200 10991
INFO 2026-06-04 02:18:22,931 basehttp 9912 16004 "GET /admin/margin-call/ HTTP/1.1" 200 10991
INFO 2026-06-04 02:19:02,131 basehttp 9912 14540 "GET / HTTP/1.1" 200 10597
INFO 2026-06-04 02:20:23,098 autoreload 14092 15916 Watching for file changes with StatReloader
INFO 2026-06-04 02:20:26,329 basehttp 14092 16160 "GET /admin/margin-call/ HTTP/1.1" 200 17259
INFO 2026-06-04 02:20:55,805 autoreload 14092 15916 W:\semestr\mybank\core\views.py changed, reloading.
INFO 2026-06-04 02:20:57,538 autoreload 10864 4412 Watching for file changes with StatReloader
INFO 2026-06-04 02:20:58,973 basehttp 10864 9356 "GET /admin/clients/ HTTP/1.1" 200 11673
INFO 2026-06-04 02:21:00,068 basehttp 10864 9356 "GET /admin/managers/ HTTP/1.1" 200 10514
INFO 2026-06-04 02:21:01,753 basehttp 10864 9356 "GET /admin/clients/ HTTP/1.1" 200 11673
INFO 2026-06-04 02:21:02,610 basehttp 10864 9356 "GET /admin/managers/ HTTP/1.1" 200 10514
INFO 2026-06-04 02:21:03,537 basehttp 10864 9356 "GET /admin/assets/ HTTP/1.1" 200 11468
INFO 2026-06-04 02:21:04,417 basehttp 10864 9356 "GET /admin/managers/ HTTP/1.1" 200 10514
INFO 2026-06-04 02:21:07,467 basehttp 10864 9356 "GET /admin/assets/ HTTP/1.1" 200 11468
INFO 2026-06-04 02:21:08,407 basehttp 10864 9356 "GET /admin/clients/ HTTP/1.1" 200 11673
INFO 2026-06-04 02:21:12,500 basehttp 10864 9356 "GET /admin/assets/ HTTP/1.1" 200 11468
INFO 2026-06-04 02:21:14,909 basehttp 10864 9356 "GET /admin/margin-call/ HTTP/1.1" 200 17259
INFO 2026-06-04 02:21:33,783 basehttp 10864 9356 "GET /admin/margin-call/ HTTP/1.1" 200 17259
INFO 2026-06-04 02:21:46,396 basehttp 10864 9356 "GET /admin/margin-call/ HTTP/1.1" 200 17259
INFO 2026-06-04 02:22:05,438 basehttp 10864 9356 "GET /admin/margin-call/2/ HTTP/1.1" 302 0
INFO 2026-06-04 02:22:05,487 basehttp 10864 9356 "GET /admin/margin-call/ HTTP/1.1" 200 17259
INFO 2026-06-04 02:22:09,629 basehttp 10864 9356 "GET /admin/margin-call/3/ HTTP/1.1" 302 0
INFO 2026-06-04 02:22:09,687 basehttp 10864 9356 "GET /admin/margin-call/ HTTP/1.1" 200 17259
INFO 2026-06-04 02:22:12,161 basehttp 10864 9356 "GET /admin/margin-call/ HTTP/1.1" 200 17259
INFO 2026-06-04 02:24:36,884 basehttp 10864 9356 "GET /admin/margin-call/ HTTP/1.1" 200 17647
INFO 2026-06-04 02:25:24,375 basehttp 10864 9356 "GET /admin/margin-call/ HTTP/1.1" 200 19967
INFO 2026-06-04 02:25:33,420 basehttp 10864 9356 "POST /admin/margin-call/3/ HTTP/1.1" 302 0
INFO 2026-06-04 02:25:33,466 basehttp 10864 9356 "GET /admin/margin-call/ HTTP/1.1" 200 15701
INFO 2026-06-04 02:25:42,500 basehttp 10864 9356 "GET /admin/margin-call/ HTTP/1.1" 200 15344
INFO 2026-06-04 02:25:45,233 basehttp 10864 9356 "GET /admin/managers/ HTTP/1.1" 200 10514
INFO 2026-06-04 02:25:46,796 basehttp 10864 9356 "GET /admin/clients/ HTTP/1.1" 200 11673
INFO 2026-06-04 02:25:50,553 basehttp 10864 9356 "GET /admin/managers/ HTTP/1.1" 200 10514
INFO 2026-06-04 02:25:51,339 basehttp 10864 9356 "GET /admin/assets/ HTTP/1.1" 200 11468
INFO 2026-06-04 02:25:52,909 basehttp 10864 9356 "GET /admin/managers/ HTTP/1.1" 200 10514
INFO 2026-06-04 02:25:53,555 basehttp 10864 9356 "GET /admin/clients/ HTTP/1.1" 200 11673
INFO 2026-06-04 02:27:04,142 basehttp 10864 9356 "GET /admin/clients/ HTTP/1.1" 200 24279
INFO 2026-06-04 02:27:13,785 basehttp 10864 9356 "GET /admin/clients/ HTTP/1.1" 200 24279
INFO 2026-06-04 02:27:59,777 basehttp 10864 9356 "GET /admin/clients/ HTTP/1.1" 200 18760
INFO 2026-06-04 02:28:01,824 basehttp 10864 9356 "GET /admin/clients/ HTTP/1.1" 200 18760
INFO 2026-06-04 02:28:19,070 basehttp 10864 9356 "POST /admin/clients/3/balance/ HTTP/1.1" 302 0
INFO 2026-06-04 02:28:19,090 basehttp 10864 9356 "GET /admin/clients/ HTTP/1.1" 200 19065
INFO 2026-06-04 02:28:22,453 basehttp 10864 9356 "GET /admin/clients/ HTTP/1.1" 200 18760
INFO 2026-06-04 02:28:34,292 basehttp 10864 9356 "POST /admin/clients/3/block/ HTTP/1.1" 302 0
INFO 2026-06-04 02:28:34,323 basehttp 10864 9356 "GET /admin/clients/ HTTP/1.1" 200 19087
INFO 2026-06-04 02:28:41,403 basehttp 10864 9356 "POST /admin/clients/3/block/ HTTP/1.1" 302 0
INFO 2026-06-04 02:28:41,428 basehttp 10864 9356 "GET /admin/clients/ HTTP/1.1" 200 19075
INFO 2026-06-04 02:28:48,261 basehttp 10864 9356 "GET /admin/managers/ HTTP/1.1" 200 10514
INFO 2026-06-04 02:30:01,782 basehttp 10864 9356 "GET /admin/managers/ HTTP/1.1" 200 12459
INFO 2026-06-04 02:30:03,860 basehttp 10864 9356 "GET /admin/managers/add/ HTTP/1.1" 302 0
INFO 2026-06-04 02:30:03,880 basehttp 10864 9356 "GET /admin/managers/ HTTP/1.1" 200 12459
INFO 2026-06-04 02:30:07,187 basehttp 10864 9356 "GET /admin/managers/add/ HTTP/1.1" 302 0
INFO 2026-06-04 02:30:07,206 basehttp 10864 9356 "GET /admin/managers/ HTTP/1.1" 200 12459
INFO 2026-06-04 02:30:09,111 basehttp 10864 9356 "GET /admin/managers/add/ HTTP/1.1" 302 0
INFO 2026-06-04 02:30:09,132 basehttp 10864 9356 "GET /admin/managers/ HTTP/1.1" 200 12459
INFO 2026-06-04 02:32:11,970 basehttp 10864 9356 "GET /admin/managers/ HTTP/1.1" 200 12459
INFO 2026-06-04 02:32:13,262 basehttp 10864 9356 "GET /admin/managers/add/ HTTP/1.1" 302 0
INFO 2026-06-04 02:32:13,284 basehttp 10864 9356 "GET /admin/managers/ HTTP/1.1" 200 12459
INFO 2026-06-04 02:34:32,994 basehttp 10864 9356 "GET /admin/managers/add/ HTTP/1.1" 302 0
INFO 2026-06-04 02:34:33,011 basehttp 10864 9356 "GET /admin/managers/ HTTP/1.1" 200 12459
INFO 2026-06-04 02:36:01,676 autoreload 10864 4412 W:\semestr\mybank\core\views.py changed, reloading.
INFO 2026-06-04 02:36:03,364 autoreload 1660 6988 Watching for file changes with StatReloader
INFO 2026-06-04 02:36:07,037 basehttp 1660 5256 "GET /admin/managers/ HTTP/1.1" 200 12459
INFO 2026-06-04 02:36:08,451 basehttp 1660 5256 "GET /admin/managers/add/ HTTP/1.1" 302 0
INFO 2026-06-04 02:36:08,469 basehttp 1660 5256 "GET /admin/managers/ HTTP/1.1" 200 12459
INFO 2026-06-04 02:36:10,142 basehttp 1660 5256 "GET /admin/managers/add/ HTTP/1.1" 302 0
INFO 2026-06-04 02:36:10,163 basehttp 1660 5256 "GET /admin/managers/ HTTP/1.1" 200 12459
INFO 2026-06-04 02:37:06,277 autoreload 1660 6988 W:\semestr\mybank\core\urls.py changed, reloading.
INFO 2026-06-04 02:37:08,038 autoreload 15204 7092 Watching for file changes with StatReloader
INFO 2026-06-04 02:37:09,960 basehttp 15204 5388 "GET /admin/managers/ HTTP/1.1" 200 12459
INFO 2026-06-04 02:37:11,485 basehttp 15204 5388 "GET /admin/managers/add/ HTTP/1.1" 302 0
INFO 2026-06-04 02:37:11,506 basehttp 15204 5388 "GET /admin/managers/ HTTP/1.1" 200 12459
INFO 2026-06-04 02:37:33,551 autoreload 15204 7092 W:\semestr\mybank\core\views.py changed, reloading.
INFO 2026-06-04 02:37:35,235 autoreload 6800 13512 Watching for file changes with StatReloader
INFO 2026-06-04 02:38:07,125 basehttp 6800 6196 "GET /admin/managers/ HTTP/1.1" 200 12459
INFO 2026-06-04 02:38:08,189 basehttp 6800 6196 "GET /admin/managers/add/ HTTP/1.1" 302 0
INFO 2026-06-04 02:38:08,209 basehttp 6800 6196 "GET /admin/managers/ HTTP/1.1" 200 12459
INFO 2026-06-04 02:38:09,689 basehttp 6800 6196 "GET /admin/managers/add/ HTTP/1.1" 302 0
INFO 2026-06-04 02:38:09,710 basehttp 6800 6196 "GET /admin/managers/ HTTP/1.1" 200 12459
INFO 2026-06-04 02:38:10,580 basehttp 6800 6196 "GET /admin/managers/add/ HTTP/1.1" 302 0
INFO 2026-06-04 02:38:10,605 basehttp 6800 6196 "GET /admin/managers/ HTTP/1.1" 200 12459
INFO 2026-06-04 02:38:26,964 basehttp 6800 6196 "GET /logout/ HTTP/1.1" 302 0
INFO 2026-06-04 02:38:26,970 basehttp 6800 6196 "GET / HTTP/1.1" 200 10597
INFO 2026-06-04 02:38:29,137 basehttp 6800 6196 "GET /login/ HTTP/1.1" 200 8855
INFO 2026-06-04 02:38:35,777 basehttp 6800 6196 "POST /login/ HTTP/1.1" 302 0
INFO 2026-06-04 02:38:35,790 basehttp 6800 6196 "GET / HTTP/1.1" 200 12716
INFO 2026-06-04 02:38:37,072 basehttp 6800 6196 "GET /admin/managers/ HTTP/1.1" 200 12459
INFO 2026-06-04 02:38:38,078 basehttp 6800 6196 "GET /admin/managers/add/ HTTP/1.1" 302 0
INFO 2026-06-04 02:38:38,096 basehttp 6800 6196 "GET /admin/managers/ HTTP/1.1" 200 12459
INFO 2026-06-04 02:39:35,176 basehttp 6800 6196 "GET /admin/managers/add/ HTTP/1.1" 302 0
INFO 2026-06-04 02:39:35,230 basehttp 6800 6196 "GET /admin/managers/ HTTP/1.1" 200 10449
INFO 2026-06-04 02:39:37,342 basehttp 6800 6196 "GET /admin/managers/add/ HTTP/1.1" 302 0
INFO 2026-06-04 02:39:37,357 basehttp 6800 6196 "GET /admin/managers/ HTTP/1.1" 200 10449
INFO 2026-06-04 02:39:39,171 basehttp 6800 6196 "GET /admin/managers/add/ HTTP/1.1" 302 0
INFO 2026-06-04 02:39:39,190 basehttp 6800 6196 "GET /admin/managers/ HTTP/1.1" 200 10449
INFO 2026-06-04 02:40:23,653 autoreload 6800 13512 W:\semestr\mybank\core\urls.py changed, reloading.
INFO 2026-06-04 02:40:25,135 autoreload 9636 10456 Watching for file changes with StatReloader
INFO 2026-06-04 02:40:30,987 basehttp 9636 14340 "GET /admin/managers/ HTTP/1.1" 200 10449
INFO 2026-06-04 02:40:32,979 basehttp 9636 14340 "GET /admin/managers/add/ HTTP/1.1" 302 0
INFO 2026-06-04 02:40:32,995 basehttp 9636 14340 "GET /admin/managers/ HTTP/1.1" 200 10449
INFO 2026-06-04 02:40:34,268 basehttp 9636 14340 "GET /admin/managers/add/ HTTP/1.1" 302 0
INFO 2026-06-04 02:40:34,290 basehttp 9636 14340 "GET /admin/managers/ HTTP/1.1" 200 10449
ERROR 2026-06-04 02:41:55,394 log 9636 14340 Internal Server Error: /admin/core/user/add/
Traceback (most recent call last):
  File "C:\Users\Скай АВ Тех\AppData\Local\Programs\Python\Python314\Lib\site-packages\django\core\handlers\exception.py", line 55, in inner
    response = get_response(request)
  File "C:\Users\Скай АВ Тех\AppData\Local\Programs\Python\Python314\Lib\site-packages\django\core\handlers\base.py", line 220, in _get_response
    response = response.render()
  File "C:\Users\Скай АВ Тех\AppData\Local\Programs\Python\Python314\Lib\site-packages\django\template\response.py", line 111, in render
    self.content = self.rendered_content
                   ^^^^^^^^^^^^^^^^^^^^^
  File "C:\Users\Скай АВ Тех\AppData\Local\Programs\Python\Python314\Lib\site-packages\django\template\response.py", line 89, in rendered_content
    return template.render(context, self._request)
           ~~~~~~~~~~~~~~~^^^^^^^^^^^^^^^^^^^^^^^^
  File "C:\Users\Скай АВ Тех\AppData\Local\Programs\Python\Python314\Lib\site-packages\django\template\backends\django.py", line 61, in render
    return self.template.render(context)
           ~~~~~~~~~~~~~~~~~~~~^^^^^^^^^
  File "C:\Users\Скай АВ Тех\AppData\Local\Programs\Python\Python314\Lib\site-packages\django\template\base.py", line 175, in render
    return self._render(context)
           ~~~~~~~~~~~~^^^^^^^^^
  File "C:\Users\Скай АВ Тех\AppData\Local\Programs\Python\Python314\Lib\site-packages\django\template\base.py", line 167, in _render
    return self.nodelist.render(context)
           ~~~~~~~~~~~~~~~~~~~~^^^^^^^^^
  File "C:\Users\Скай АВ Тех\AppData\Local\Programs\Python\Python314\Lib\site-packages\django\template\base.py", line 1005, in render
    return SafeString("".join([node.render_annotated(context) for node in self]))
                               ~~~~~~~~~~~~~~~~~~~~~^^^^^^^^^
  File "C:\Users\Скай АВ Тех\AppData\Local\Programs\Python\Python314\Lib\site-packages\django\template\base.py", line 966, in render_annotated
    return self.render(context)
           ~~~~~~~~~~~^^^^^^^^^
  File "C:\Users\Скай АВ Тех\AppData\Local\Programs\Python\Python314\Lib\site-packages\django\template\loader_tags.py", line 157, in render
    return compiled_parent._render(context)
           ~~~~~~~~~~~~~~~~~~~~~~~^^^^^^^^^
  File "C:\Users\Скай АВ Тех\AppData\Local\Programs\Python\Python314\Lib\site-packages\django\template\base.py", line 167, in _render
    return self.nodelist.render(context)
           ~~~~~~~~~~~~~~~~~~~~^^^^^^^^^
  File "C:\Users\Скай АВ Тех\AppData\Local\Programs\Python\Python314\Lib\site-packages\django\template\base.py", line 1005, in render
    return SafeString("".join([node.render_annotated(context) for node in self]))
                               ~~~~~~~~~~~~~~~~~~~~~^^^^^^^^^
  File "C:\Users\Скай АВ Тех\AppData\Local\Programs\Python\Python314\Lib\site-packages\django\template\base.py", line 966, in render_annotated
    return self.render(context)
           ~~~~~~~~~~~^^^^^^^^^
  File "C:\Users\Скай АВ Тех\AppData\Local\Programs\Python\Python314\Lib\site-packages\django\template\loader_tags.py", line 157, in render
    return compiled_parent._render(context)
           ~~~~~~~~~~~~~~~~~~~~~~~^^^^^^^^^
  File "C:\Users\Скай АВ Тех\AppData\Local\Programs\Python\Python314\Lib\site-packages\django\template\base.py", line 167, in _render
    return self.nodelist.render(context)
           ~~~~~~~~~~~~~~~~~~~~^^^^^^^^^
  File "C:\Users\Скай АВ Тех\AppData\Local\Programs\Python\Python314\Lib\site-packages\django\template\base.py", line 1005, in render
    return SafeString("".join([node.render_annotated(context) for node in self]))
                               ~~~~~~~~~~~~~~~~~~~~~^^^^^^^^^
  File "C:\Users\Скай АВ Тех\AppData\Local\Programs\Python\Python314\Lib\site-packages\django\template\base.py", line 966, in render_annotated
    return self.render(context)
           ~~~~~~~~~~~^^^^^^^^^
  File "C:\Users\Скай АВ Тех\AppData\Local\Programs\Python\Python314\Lib\site-packages\django\template\loader_tags.py", line 157, in render
    return compiled_parent._render(context)
           ~~~~~~~~~~~~~~~~~~~~~~~^^^^^^^^^
  File "C:\Users\Скай АВ Тех\AppData\Local\Programs\Python\Python314\Lib\site-packages\django\template\base.py", line 167, in _render
    return self.nodelist.render(context)
           ~~~~~~~~~~~~~~~~~~~~^^^^^^^^^
  File "C:\Users\Скай АВ Тех\AppData\Local\Programs\Python\Python314\Lib\site-packages\django\template\base.py", line 1005, in render
    return SafeString("".join([node.render_annotated(context) for node in self]))
                               ~~~~~~~~~~~~~~~~~~~~~^^^^^^^^^
  File "C:\Users\Скай АВ Тех\AppData\Local\Programs\Python\Python314\Lib\site-packages\django\template\base.py", line 966, in render_annotated
    return self.render(context)
           ~~~~~~~~~~~^^^^^^^^^
  File "C:\Users\Скай АВ Тех\AppData\Local\Programs\Python\Python314\Lib\site-packages\django\template\loader_tags.py", line 63, in render
    result = block.nodelist.render(context)
  File "C:\Users\Скай АВ Тех\AppData\Local\Programs\Python\Python314\Lib\site-packages\django\template\base.py", line 1005, in render
    return SafeString("".join([node.render_annotated(context) for node in self]))
                               ~~~~~~~~~~~~~~~~~~~~~^^^^^^^^^
  File "C:\Users\Скай АВ Тех\AppData\Local\Programs\Python\Python314\Lib\site-packages\django\template\base.py", line 966, in render_annotated
    return self.render(context)
           ~~~~~~~~~~~^^^^^^^^^
  File "C:\Users\Скай АВ Тех\AppData\Local\Programs\Python\Python314\Lib\site-packages\django\template\loader_tags.py", line 63, in render
    result = block.nodelist.render(context)
  File "C:\Users\Скай АВ Тех\AppData\Local\Programs\Python\Python314\Lib\site-packages\django\template\base.py", line 1005, in render
    return SafeString("".join([node.render_annotated(context) for node in self]))
                               ~~~~~~~~~~~~~~~~~~~~~^^^^^^^^^
  File "C:\Users\Скай АВ Тех\AppData\Local\Programs\Python\Python314\Lib\site-packages\django\template\base.py", line 966, in render_annotated
    return self.render(context)
           ~~~~~~~~~~~^^^^^^^^^
  File "C:\Users\Скай АВ Тех\AppData\Local\Programs\Python\Python314\Lib\site-packages\django\contrib\admin\templatetags\base.py", line 45, in render
    return super().render(context)
           ~~~~~~~~~~~~~~^^^^^^^^^
  File "C:\Users\Скай АВ Тех\AppData\Local\Programs\Python\Python314\Lib\site-packages\django\template\library.py", line 271, in render
    new_context = context.new(_dict)
  File "C:\Users\Скай АВ Тех\AppData\Local\Programs\Python\Python314\Lib\site-packages\django\template\context.py", line 265, in new
    new_context = super().new(values)
  File "C:\Users\Скай АВ Тех\AppData\Local\Programs\Python\Python314\Lib\site-packages\django\template\context.py", line 110, in new
    new_context = copy(self)
  File "C:\Users\Скай АВ Тех\AppData\Local\Programs\Python\Python314\Lib\copy.py", line 82, in copy
    return copier(x)
  File "C:\Users\Скай АВ Тех\AppData\Local\Programs\Python\Python314\Lib\site-packages\django\template\context.py", line 158, in __copy__
    duplicate = super().__copy__()
  File "C:\Users\Скай АВ Тех\AppData\Local\Programs\Python\Python314\Lib\site-packages\django\template\context.py", line 39, in __copy__
    duplicate.dicts = self.dicts[:]
    ^^^^^^^^^^^^^^^
AttributeError: 'super' object has no attribute 'dicts' and no __dict__ for setting new attributes
ERROR 2026-06-04 02:41:55,402 basehttp 9636 14340 "GET /admin/core/user/add/ HTTP/1.1" 500 486758
INFO 2026-06-04 02:44:28,987 autoreload 9636 10456 W:\semestr\mybank\core\views.py changed, reloading.
INFO 2026-06-04 02:44:30,779 autoreload 6772 10880 Watching for file changes with StatReloader
INFO 2026-06-04 02:45:03,299 autoreload 6772 10880 W:\semestr\mybank\core\urls.py changed, reloading.
INFO 2026-06-04 02:45:05,063 autoreload 5236 11576 Watching for file changes with StatReloader
INFO 2026-06-04 02:45:13,510 autoreload 14828 2948 Watching for file changes with StatReloader
INFO 2026-06-04 02:45:26,906 basehttp 14828 4676 "GET /admin/managers/ HTTP/1.1" 200 10456
INFO 2026-06-04 02:45:27,970 basehttp 14828 4676 "GET /admin/managers/add/ HTTP/1.1" 302 0
INFO 2026-06-04 02:45:27,991 basehttp 14828 4676 "GET /admin/managers/ HTTP/1.1" 200 10456
INFO 2026-06-04 02:45:31,314 basehttp 14828 4676 "GET /admin/managers/add/ HTTP/1.1" 302 0
INFO 2026-06-04 02:45:31,333 basehttp 14828 4676 "GET /admin/managers/ HTTP/1.1" 200 10456
INFO 2026-06-04 02:46:32,387 autoreload 2396 14304 Watching for file changes with StatReloader
INFO 2026-06-04 02:46:36,690 basehttp 2396 15152 "GET /admin/managers/ HTTP/1.1" 200 10856
INFO 2026-06-04 02:46:39,017 basehttp 2396 15152 "GET /admin/managers/add/ HTTP/1.1" 302 0
INFO 2026-06-04 02:46:39,037 basehttp 2396 15152 "GET /admin/managers/ HTTP/1.1" 200 10856
INFO 2026-06-04 02:46:46,921 basehttp 2396 15152 "GET /logout/ HTTP/1.1" 302 0
INFO 2026-06-04 02:46:46,931 basehttp 2396 15152 "GET / HTTP/1.1" 200 10597
INFO 2026-06-04 02:46:48,415 basehttp 2396 15152 "GET /login/ HTTP/1.1" 200 8855
INFO 2026-06-04 02:46:56,999 basehttp 2396 15152 "POST /login/ HTTP/1.1" 302 0
INFO 2026-06-04 02:46:57,012 basehttp 2396 15152 "GET / HTTP/1.1" 200 12204
INFO 2026-06-04 02:47:10,522 basehttp 2396 15152 "GET /manager/clients/ HTTP/1.1" 200 15754
ERROR 2026-06-04 02:47:56,966 log 2396 15152 Internal Server Error: /manager/withdrawals/
Traceback (most recent call last):
  File "C:\Users\Скай АВ Тех\AppData\Local\Programs\Python\Python314\Lib\site-packages\django\core\handlers\exception.py", line 55, in inner
    response = get_response(request)
  File "C:\Users\Скай АВ Тех\AppData\Local\Programs\Python\Python314\Lib\site-packages\django\core\handlers\base.py", line 197, in _get_response
    response = wrapped_callback(request, *callback_args, **callback_kwargs)
  File "C:\Users\Скай АВ Тех\AppData\Local\Programs\Python\Python314\Lib\site-packages\django\contrib\auth\decorators.py", line 23, in _wrapper_view
    return view_func(request, *args, **kwargs)
  File "W:\semestr\mybank\core\decorators.py", line 19, in wrapped
    return view_func(request, *args, **kwargs)
  File "W:\semestr\mybank\core\views.py", line 673, in manager_withdrawals
    return render(request, 'manager/withdrawals.html', context)
  File "C:\Users\Скай АВ Тех\AppData\Local\Programs\Python\Python314\Lib\site-packages\django\shortcuts.py", line 24, in render
    content = loader.render_to_string(template_name, context, request, using=using)
  File "C:\Users\Скай АВ Тех\AppData\Local\Programs\Python\Python314\Lib\site-packages\django\template\loader.py", line 61, in render_to_string
    template = get_template(template_name, using=using)
  File "C:\Users\Скай АВ Тех\AppData\Local\Programs\Python\Python314\Lib\site-packages\django\template\loader.py", line 19, in get_template
    raise TemplateDoesNotExist(template_name, chain=chain)
django.template.exceptions.TemplateDoesNotExist: manager/withdrawals.html
ERROR 2026-06-04 02:47:56,971 basehttp 2396 15152 "GET /manager/withdrawals/ HTTP/1.1" 500 98927
INFO 2026-06-04 02:48:17,921 basehttp 2396 15152 "GET /manager/company-requests/ HTTP/1.1" 200 10128
INFO 2026-06-04 02:48:20,630 basehttp 2396 15152 "GET /manager/companies/ HTTP/1.1" 200 9154
INFO 2026-06-04 02:48:21,952 basehttp 2396 15152 "GET /about/ HTTP/1.1" 200 12656
INFO 2026-06-04 02:48:22,997 basehttp 2396 15152 "GET /faq/ HTTP/1.1" 200 13036
INFO 2026-06-04 02:48:23,754 basehttp 2396 15152 "GET /about/ HTTP/1.1" 200 12656
INFO 2026-06-04 02:49:19,080 basehttp 2396 15152 "GET /about/ HTTP/1.1" 200 12656
INFO 2026-06-04 02:49:20,575 basehttp 2396 15152 "GET /manager/withdrawals/ HTTP/1.1" 200 10188
INFO 2026-06-04 02:49:22,701 basehttp 2396 15152 "GET /manager/clients/ HTTP/1.1" 200 15754
INFO 2026-06-04 02:50:15,796 autoreload 4264 14648 Watching for file changes with StatReloader
INFO 2026-06-04 02:50:18,137 basehttp 4264 15004 "GET /manager/companies/ HTTP/1.1" 200 20221
INFO 2026-06-04 02:50:40,876 basehttp 4264 15004 "GET /manager/company-requests/ HTTP/1.1" 200 10128
INFO 2026-06-04 02:50:42,045 basehttp 4264 15004 "GET /manager/withdrawals/ HTTP/1.1" 200 10188
INFO 2026-06-04 02:50:43,477 basehttp 4264 15004 "GET /manager/clients/ HTTP/1.1" 200 15754
INFO 2026-06-04 02:50:51,854 basehttp 4264 15004 "GET /faq/ HTTP/1.1" 200 13036
INFO 2026-06-04 02:50:53,546 basehttp 4264 15004 "GET /about/ HTTP/1.1" 200 12656
INFO 2026-06-04 02:50:54,913 basehttp 4264 15004 "GET /manager/companies/ HTTP/1.1" 200 20221
INFO 2026-06-04 02:50:55,692 basehttp 4264 15004 "GET /manager/company-requests/ HTTP/1.1" 200 10128
INFO 2026-06-04 02:50:56,351 basehttp 4264 15004 "GET /manager/withdrawals/ HTTP/1.1" 200 10188
INFO 2026-06-04 02:50:57,088 basehttp 4264 15004 "GET /manager/withdrawals/ HTTP/1.1" 200 10188
INFO 2026-06-04 02:50:57,657 basehttp 4264 15004 "GET /manager/clients/ HTTP/1.1" 200 15754
INFO 2026-06-04 02:50:58,515 basehttp 4264 15004 "GET /manager/withdrawals/ HTTP/1.1" 200 10188
INFO 2026-06-04 02:50:59,777 basehttp 4264 15004 "GET /manager/clients/ HTTP/1.1" 200 15754
INFO 2026-06-04 02:51:04,356 basehttp 4264 15004 "GET /contacts/ HTTP/1.1" 200 12285
INFO 2026-06-04 02:51:05,169 basehttp 4264 15004 "GET /faq/ HTTP/1.1" 200 13036
INFO 2026-06-04 02:51:06,148 basehttp 4264 15004 "GET /about/ HTTP/1.1" 200 12656
INFO 2026-06-04 02:51:06,966 basehttp 4264 15004 "GET /faq/ HTTP/1.1" 200 13036
INFO 2026-06-04 02:51:07,648 basehttp 4264 15004 "GET /contacts/ HTTP/1.1" 200 12285
INFO 2026-06-04 02:51:09,039 basehttp 4264 15004 "GET /contacts/ HTTP/1.1" 200 12285
INFO 2026-06-04 02:51:09,837 basehttp 4264 15004 "GET /faq/ HTTP/1.1" 200 13036
INFO 2026-06-04 02:51:11,296 basehttp 4264 15004 "GET /logout/ HTTP/1.1" 302 0
INFO 2026-06-04 02:51:11,304 basehttp 4264 15004 "GET / HTTP/1.1" 200 10597
INFO 2026-06-04 02:51:13,009 basehttp 4264 15004 "GET /login/ HTTP/1.1" 200 8855
INFO 2026-06-04 02:51:17,798 basehttp 4264 15004 "POST /login/ HTTP/1.1" 302 0
INFO 2026-06-04 02:51:17,812 basehttp 4264 15004 "GET / HTTP/1.1" 200 12716
INFO 2026-06-04 02:51:24,907 basehttp 4264 15004 "GET /admin/managers/ HTTP/1.1" 200 10856
INFO 2026-06-04 02:51:28,055 basehttp 4264 15004 "GET /admin/managers/add/ HTTP/1.1" 302 0
INFO 2026-06-04 02:51:28,073 basehttp 4264 15004 "GET /admin/managers/ HTTP/1.1" 200 10856
INFO 2026-06-04 02:53:07,870 autoreload 4264 14648 W:\semestr\mybank\core\urls.py changed, reloading.
INFO 2026-06-04 02:53:09,638 autoreload 14604 13024 Watching for file changes with StatReloader
INFO 2026-06-04 02:53:49,679 autoreload 14604 13024 W:\semestr\mybank\core\views.py changed, reloading.
INFO 2026-06-04 02:53:51,460 autoreload 14652 232 Watching for file changes with StatReloader
INFO 2026-06-04 02:54:21,957 autoreload 14652 232 W:\semestr\mybank\core\urls.py changed, reloading.
INFO 2026-06-04 02:54:23,410 autoreload 13956 60 Watching for file changes with StatReloader
INFO 2026-06-04 02:54:27,784 basehttp 13956 14180 "GET /admin/managers/ HTTP/1.1" 200 10952
INFO 2026-06-04 02:54:29,214 basehttp 13956 14180 "GET /admin/managers/add/ HTTP/1.1" 302 0
INFO 2026-06-04 02:54:29,232 basehttp 13956 14180 "GET /admin/managers/ HTTP/1.1" 200 10952
INFO 2026-06-04 02:54:30,645 basehttp 13956 14180 "GET /admin/managers/add/ HTTP/1.1" 302 0
INFO 2026-06-04 02:54:30,665 basehttp 13956 14180 "GET /admin/managers/ HTTP/1.1" 200 10952
INFO 2026-06-04 02:54:47,165 basehttp 13956 14180 "GET /admin/managers/add/ HTTP/1.1" 302 0
INFO 2026-06-04 02:54:47,187 basehttp 13956 14180 "GET /admin/managers/ HTTP/1.1" 200 10952
INFO 2026-06-04 02:55:23,975 autoreload 13956 60 W:\semestr\mybank\core\decorators.py changed, reloading.
INFO 2026-06-04 02:55:25,675 autoreload 10112 12204 Watching for file changes with StatReloader
INFO 2026-06-04 02:55:29,014 basehttp 10112 14788 "GET /admin/managers/ HTTP/1.1" 200 10952
INFO 2026-06-04 02:55:30,494 basehttp 10112 14788 "GET /admin/managers/add/ HTTP/1.1" 302 0
INFO 2026-06-04 02:55:30,511 basehttp 10112 14788 "GET /admin/managers/ HTTP/1.1" 200 10952
INFO 2026-06-04 02:56:48,165 autoreload 10112 12204 W:\semestr\mybank\core\views.py changed, reloading.
INFO 2026-06-04 02:56:49,735 autoreload 15788 13812 Watching for file changes with StatReloader
INFO 2026-06-04 02:57:21,369 autoreload 15788 13812 W:\semestr\mybank\core\decorators.py changed, reloading.
INFO 2026-06-04 02:57:22,963 autoreload 7868 14056 Watching for file changes with StatReloader
INFO 2026-06-04 02:58:02,818 basehttp 7868 15572 "GET /admin/managers/add/ HTTP/1.1" 302 0
INFO 2026-06-04 02:58:02,878 basehttp 7868 15572 "GET /admin/managers/ HTTP/1.1" 200 10952
INFO 2026-06-04 02:59:36,986 autoreload 7868 14056 W:\semestr\mybank\core\views.py changed, reloading.
INFO 2026-06-04 02:59:38,640 autoreload 1240 8596 Watching for file changes with StatReloader
INFO 2026-06-04 02:59:39,888 basehttp 1240 4444 "GET /admin/managers/ HTTP/1.1" 200 10952
INFO 2026-06-04 02:59:42,686 basehttp 1240 4444 "GET /admin/managers/add/ HTTP/1.1" 302 0
INFO 2026-06-04 02:59:42,703 basehttp 1240 4444 "GET /admin/managers/ HTTP/1.1" 200 10952
INFO 2026-06-04 02:59:44,179 basehttp 1240 4444 "GET /admin/managers/add/ HTTP/1.1" 302 0
INFO 2026-06-04 02:59:44,199 basehttp 1240 4444 "GET /admin/managers/ HTTP/1.1" 200 10952
INFO 2026-06-04 03:00:16,600 autoreload 1240 8596 W:\semestr\mybank\core\views.py changed, reloading.
INFO 2026-06-04 03:00:18,264 autoreload 9172 16004 Watching for file changes with StatReloader
INFO 2026-06-04 03:00:20,597 basehttp 9172 12008 "GET /admin/managers/ HTTP/1.1" 200 10952
INFO 2026-06-04 03:00:21,656 basehttp 9172 12008 "GET /admin/commission/ HTTP/1.1" 200 11123
INFO 2026-06-04 03:00:22,339 basehttp 9172 12008 "GET /admin/assets/ HTTP/1.1" 200 11468
INFO 2026-06-04 03:00:23,159 basehttp 9172 12008 "GET /admin/managers/ HTTP/1.1" 200 10952
INFO 2026-06-04 03:00:25,327 basehttp 9172 12008 "GET /admin/managers/add/ HTTP/1.1" 302 0
INFO 2026-06-04 03:00:25,347 basehttp 9172 12008 "GET /admin/managers/ HTTP/1.1" 200 10952
INFO 2026-06-04 03:00:26,433 basehttp 9172 12008 "GET /admin/managers/add/ HTTP/1.1" 302 0
INFO 2026-06-04 03:00:26,454 basehttp 9172 12008 "GET /admin/managers/ HTTP/1.1" 200 10952
INFO 2026-06-04 03:01:14,542 autoreload 9172 16004 W:\semestr\mybank\core\views.py changed, reloading.
INFO 2026-06-04 03:01:16,011 autoreload 13372 15936 Watching for file changes with StatReloader
INFO 2026-06-04 03:01:40,064 autoreload 13372 15936 W:\semestr\mybank\core\urls.py changed, reloading.
INFO 2026-06-04 03:01:41,593 autoreload 804 12260 Watching for file changes with StatReloader
INFO 2026-06-04 03:01:47,240 basehttp 804 15316 "GET /admin/managers/add/ HTTP/1.1" 302 0
INFO 2026-06-04 03:01:47,298 basehttp 804 15316 "GET /admin/managers/ HTTP/1.1" 200 10952
INFO 2026-06-04 03:02:52,911 autoreload 15504 11296 Watching for file changes with StatReloader
ERROR 2026-06-04 03:02:55,066 log 15504 80 Internal Server Error: /admin/core/user/add/
Traceback (most recent call last):
  File "C:\Users\Скай АВ Тех\AppData\Local\Programs\Python\Python314\Lib\site-packages\django\core\handlers\exception.py", line 55, in inner
    response = get_response(request)
  File "C:\Users\Скай АВ Тех\AppData\Local\Programs\Python\Python314\Lib\site-packages\django\core\handlers\base.py", line 220, in _get_response
    response = response.render()
  File "C:\Users\Скай АВ Тех\AppData\Local\Programs\Python\Python314\Lib\site-packages\django\template\response.py", line 111, in render
    self.content = self.rendered_content
                   ^^^^^^^^^^^^^^^^^^^^^
  File "C:\Users\Скай АВ Тех\AppData\Local\Programs\Python\Python314\Lib\site-packages\django\template\response.py", line 89, in rendered_content
    return template.render(context, self._request)
           ~~~~~~~~~~~~~~~^^^^^^^^^^^^^^^^^^^^^^^^
  File "C:\Users\Скай АВ Тех\AppData\Local\Programs\Python\Python314\Lib\site-packages\django\template\backends\django.py", line 61, in render
    return self.template.render(context)
           ~~~~~~~~~~~~~~~~~~~~^^^^^^^^^
  File "C:\Users\Скай АВ Тех\AppData\Local\Programs\Python\Python314\Lib\site-packages\django\template\base.py", line 175, in render
    return self._render(context)
           ~~~~~~~~~~~~^^^^^^^^^
  File "C:\Users\Скай АВ Тех\AppData\Local\Programs\Python\Python314\Lib\site-packages\django\template\base.py", line 167, in _render
    return self.nodelist.render(context)
           ~~~~~~~~~~~~~~~~~~~~^^^^^^^^^
  File "C:\Users\Скай АВ Тех\AppData\Local\Programs\Python\Python314\Lib\site-packages\django\template\base.py", line 1005, in render
    return SafeString("".join([node.render_annotated(context) for node in self]))
                               ~~~~~~~~~~~~~~~~~~~~~^^^^^^^^^
  File "C:\Users\Скай АВ Тех\AppData\Local\Programs\Python\Python314\Lib\site-packages\django\template\base.py", line 966, in render_annotated
    return self.render(context)
           ~~~~~~~~~~~^^^^^^^^^
  File "C:\Users\Скай АВ Тех\AppData\Local\Programs\Python\Python314\Lib\site-packages\django\template\loader_tags.py", line 157, in render
    return compiled_parent._render(context)
           ~~~~~~~~~~~~~~~~~~~~~~~^^^^^^^^^
  File "C:\Users\Скай АВ Тех\AppData\Local\Programs\Python\Python314\Lib\site-packages\django\template\base.py", line 167, in _render
    return self.nodelist.render(context)
           ~~~~~~~~~~~~~~~~~~~~^^^^^^^^^
  File "C:\Users\Скай АВ Тех\AppData\Local\Programs\Python\Python314\Lib\site-packages\django\template\base.py", line 1005, in render
    return SafeString("".join([node.render_annotated(context) for node in self]))
                               ~~~~~~~~~~~~~~~~~~~~~^^^^^^^^^
  File "C:\Users\Скай АВ Тех\AppData\Local\Programs\Python\Python314\Lib\site-packages\django\template\base.py", line 966, in render_annotated
    return self.render(context)
           ~~~~~~~~~~~^^^^^^^^^
  File "C:\Users\Скай АВ Тех\AppData\Local\Programs\Python\Python314\Lib\site-packages\django\template\loader_tags.py", line 157, in render
    return compiled_parent._render(context)
           ~~~~~~~~~~~~~~~~~~~~~~~^^^^^^^^^
  File "C:\Users\Скай АВ Тех\AppData\Local\Programs\Python\Python314\Lib\site-packages\django\template\base.py", line 167, in _render
    return self.nodelist.render(context)
           ~~~~~~~~~~~~~~~~~~~~^^^^^^^^^
  File "C:\Users\Скай АВ Тех\AppData\Local\Programs\Python\Python314\Lib\site-packages\django\template\base.py", line 1005, in render
    return SafeString("".join([node.render_annotated(context) for node in self]))
                               ~~~~~~~~~~~~~~~~~~~~~^^^^^^^^^
  File "C:\Users\Скай АВ Тех\AppData\Local\Programs\Python\Python314\Lib\site-packages\django\template\base.py", line 966, in render_annotated
    return self.render(context)
           ~~~~~~~~~~~^^^^^^^^^
  File "C:\Users\Скай АВ Тех\AppData\Local\Programs\Python\Python314\Lib\site-packages\django\template\loader_tags.py", line 157, in render
    return compiled_parent._render(context)
           ~~~~~~~~~~~~~~~~~~~~~~~^^^^^^^^^
  File "C:\Users\Скай АВ Тех\AppData\Local\Programs\Python\Python314\Lib\site-packages\django\template\base.py", line 167, in _render
    return self.nodelist.render(context)
           ~~~~~~~~~~~~~~~~~~~~^^^^^^^^^
  File "C:\Users\Скай АВ Тех\AppData\Local\Programs\Python\Python314\Lib\site-packages\django\template\base.py", line 1005, in render
    return SafeString("".join([node.render_annotated(context) for node in self]))
                               ~~~~~~~~~~~~~~~~~~~~~^^^^^^^^^
  File "C:\Users\Скай АВ Тех\AppData\Local\Programs\Python\Python314\Lib\site-packages\django\template\base.py", line 966, in render_annotated
    return self.render(context)
           ~~~~~~~~~~~^^^^^^^^^
  File "C:\Users\Скай АВ Тех\AppData\Local\Programs\Python\Python314\Lib\site-packages\django\template\loader_tags.py", line 63, in render
    result = block.nodelist.render(context)
  File "C:\Users\Скай АВ Тех\AppData\Local\Programs\Python\Python314\Lib\site-packages\django\template\base.py", line 1005, in render
    return SafeString("".join([node.render_annotated(context) for node in self]))
                               ~~~~~~~~~~~~~~~~~~~~~^^^^^^^^^
  File "C:\Users\Скай АВ Тех\AppData\Local\Programs\Python\Python314\Lib\site-packages\django\template\base.py", line 966, in render_annotated
    return self.render(context)
           ~~~~~~~~~~~^^^^^^^^^
  File "C:\Users\Скай АВ Тех\AppData\Local\Programs\Python\Python314\Lib\site-packages\django\template\loader_tags.py", line 63, in render
    result = block.nodelist.render(context)
  File "C:\Users\Скай АВ Тех\AppData\Local\Programs\Python\Python314\Lib\site-packages\django\template\base.py", line 1005, in render
    return SafeString("".join([node.render_annotated(context) for node in self]))
                               ~~~~~~~~~~~~~~~~~~~~~^^^^^^^^^
  File "C:\Users\Скай АВ Тех\AppData\Local\Programs\Python\Python314\Lib\site-packages\django\template\base.py", line 966, in render_annotated
    return self.render(context)
           ~~~~~~~~~~~^^^^^^^^^
  File "C:\Users\Скай АВ Тех\AppData\Local\Programs\Python\Python314\Lib\site-packages\django\contrib\admin\templatetags\base.py", line 45, in render
    return super().render(context)
           ~~~~~~~~~~~~~~^^^^^^^^^
  File "C:\Users\Скай АВ Тех\AppData\Local\Programs\Python\Python314\Lib\site-packages\django\template\library.py", line 271, in render
    new_context = context.new(_dict)
  File "C:\Users\Скай АВ Тех\AppData\Local\Programs\Python\Python314\Lib\site-packages\django\template\context.py", line 265, in new
    new_context = super().new(values)
  File "C:\Users\Скай АВ Тех\AppData\Local\Programs\Python\Python314\Lib\site-packages\django\template\context.py", line 110, in new
    new_context = copy(self)
  File "C:\Users\Скай АВ Тех\AppData\Local\Programs\Python\Python314\Lib\copy.py", line 82, in copy
    return copier(x)
  File "C:\Users\Скай АВ Тех\AppData\Local\Programs\Python\Python314\Lib\site-packages\django\template\context.py", line 158, in __copy__
    duplicate = super().__copy__()
  File "C:\Users\Скай АВ Тех\AppData\Local\Programs\Python\Python314\Lib\site-packages\django\template\context.py", line 39, in __copy__
    duplicate.dicts = self.dicts[:]
    ^^^^^^^^^^^^^^^
AttributeError: 'super' object has no attribute 'dicts' and no __dict__ for setting new attributes
ERROR 2026-06-04 03:02:55,081 basehttp 15504 80 "GET /admin/core/user/add/ HTTP/1.1" 500 486895
ERROR 2026-06-04 03:02:56,581 log 15504 80 Internal Server Error: /admin/core/user/add/
Traceback (most recent call last):
  File "C:\Users\Скай АВ Тех\AppData\Local\Programs\Python\Python314\Lib\site-packages\django\core\handlers\exception.py", line 55, in inner
    response = get_response(request)
  File "C:\Users\Скай АВ Тех\AppData\Local\Programs\Python\Python314\Lib\site-packages\django\core\handlers\base.py", line 220, in _get_response
    response = response.render()
  File "C:\Users\Скай АВ Тех\AppData\Local\Programs\Python\Python314\Lib\site-packages\django\template\response.py", line 111, in render
    self.content = self.rendered_content
                   ^^^^^^^^^^^^^^^^^^^^^
  File "C:\Users\Скай АВ Тех\AppData\Local\Programs\Python\Python314\Lib\site-packages\django\template\response.py", line 89, in rendered_content
    return template.render(context, self._request)
           ~~~~~~~~~~~~~~~^^^^^^^^^^^^^^^^^^^^^^^^
  File "C:\Users\Скай АВ Тех\AppData\Local\Programs\Python\Python314\Lib\site-packages\django\template\backends\django.py", line 61, in render
    return self.template.render(context)
           ~~~~~~~~~~~~~~~~~~~~^^^^^^^^^
  File "C:\Users\Скай АВ Тех\AppData\Local\Programs\Python\Python314\Lib\site-packages\django\template\base.py", line 175, in render
    return self._render(context)
           ~~~~~~~~~~~~^^^^^^^^^
  File "C:\Users\Скай АВ Тех\AppData\Local\Programs\Python\Python314\Lib\site-packages\django\template\base.py", line 167, in _render
    return self.nodelist.render(context)
           ~~~~~~~~~~~~~~~~~~~~^^^^^^^^^
  File "C:\Users\Скай АВ Тех\AppData\Local\Programs\Python\Python314\Lib\site-packages\django\template\base.py", line 1005, in render
    return SafeString("".join([node.render_annotated(context) for node in self]))
                               ~~~~~~~~~~~~~~~~~~~~~^^^^^^^^^
  File "C:\Users\Скай АВ Тех\AppData\Local\Programs\Python\Python314\Lib\site-packages\django\template\base.py", line 966, in render_annotated
    return self.render(context)
           ~~~~~~~~~~~^^^^^^^^^
  File "C:\Users\Скай АВ Тех\AppData\Local\Programs\Python\Python314\Lib\site-packages\django\template\loader_tags.py", line 157, in render
    return compiled_parent._render(context)
           ~~~~~~~~~~~~~~~~~~~~~~~^^^^^^^^^
  File "C:\Users\Скай АВ Тех\AppData\Local\Programs\Python\Python314\Lib\site-packages\django\template\base.py", line 167, in _render
    return self.nodelist.render(context)
           ~~~~~~~~~~~~~~~~~~~~^^^^^^^^^
  File "C:\Users\Скай АВ Тех\AppData\Local\Programs\Python\Python314\Lib\site-packages\django\template\base.py", line 1005, in render
    return SafeString("".join([node.render_annotated(context) for node in self]))
                               ~~~~~~~~~~~~~~~~~~~~~^^^^^^^^^
  File "C:\Users\Скай АВ Тех\AppData\Local\Programs\Python\Python314\Lib\site-packages\django\template\base.py", line 966, in render_annotated
    return self.render(context)
           ~~~~~~~~~~~^^^^^^^^^
  File "C:\Users\Скай АВ Тех\AppData\Local\Programs\Python\Python314\Lib\site-packages\django\template\loader_tags.py", line 157, in render
    return compiled_parent._render(context)
           ~~~~~~~~~~~~~~~~~~~~~~~^^^^^^^^^
  File "C:\Users\Скай АВ Тех\AppData\Local\Programs\Python\Python314\Lib\site-packages\django\template\base.py", line 167, in _render
    return self.nodelist.render(context)
           ~~~~~~~~~~~~~~~~~~~~^^^^^^^^^
  File "C:\Users\Скай АВ Тех\AppData\Local\Programs\Python\Python314\Lib\site-packages\django\template\base.py", line 1005, in render
    return SafeString("".join([node.render_annotated(context) for node in self]))
                               ~~~~~~~~~~~~~~~~~~~~~^^^^^^^^^
  File "C:\Users\Скай АВ Тех\AppData\Local\Programs\Python\Python314\Lib\site-packages\django\template\base.py", line 966, in render_annotated
    return self.render(context)
           ~~~~~~~~~~~^^^^^^^^^
  File "C:\Users\Скай АВ Тех\AppData\Local\Programs\Python\Python314\Lib\site-packages\django\template\loader_tags.py", line 157, in render
    return compiled_parent._render(context)
           ~~~~~~~~~~~~~~~~~~~~~~~^^^^^^^^^
  File "C:\Users\Скай АВ Тех\AppData\Local\Programs\Python\Python314\Lib\site-packages\django\template\base.py", line 167, in _render
    return self.nodelist.render(context)
           ~~~~~~~~~~~~~~~~~~~~^^^^^^^^^
  File "C:\Users\Скай АВ Тех\AppData\Local\Programs\Python\Python314\Lib\site-packages\django\template\base.py", line 1005, in render
    return SafeString("".join([node.render_annotated(context) for node in self]))
                               ~~~~~~~~~~~~~~~~~~~~~^^^^^^^^^
  File "C:\Users\Скай АВ Тех\AppData\Local\Programs\Python\Python314\Lib\site-packages\django\template\base.py", line 966, in render_annotated
    return self.render(context)
           ~~~~~~~~~~~^^^^^^^^^
  File "C:\Users\Скай АВ Тех\AppData\Local\Programs\Python\Python314\Lib\site-packages\django\template\loader_tags.py", line 63, in render
    result = block.nodelist.render(context)
  File "C:\Users\Скай АВ Тех\AppData\Local\Programs\Python\Python314\Lib\site-packages\django\template\base.py", line 1005, in render
    return SafeString("".join([node.render_annotated(context) for node in self]))
                               ~~~~~~~~~~~~~~~~~~~~~^^^^^^^^^
  File "C:\Users\Скай АВ Тех\AppData\Local\Programs\Python\Python314\Lib\site-packages\django\template\base.py", line 966, in render_annotated
    return self.render(context)
           ~~~~~~~~~~~^^^^^^^^^
  File "C:\Users\Скай АВ Тех\AppData\Local\Programs\Python\Python314\Lib\site-packages\django\template\loader_tags.py", line 63, in render
    result = block.nodelist.render(context)
  File "C:\Users\Скай АВ Тех\AppData\Local\Programs\Python\Python314\Lib\site-packages\django\template\base.py", line 1005, in render
    return SafeString("".join([node.render_annotated(context) for node in self]))
                               ~~~~~~~~~~~~~~~~~~~~~^^^^^^^^^
  File "C:\Users\Скай АВ Тех\AppData\Local\Programs\Python\Python314\Lib\site-packages\django\template\base.py", line 966, in render_annotated
    return self.render(context)
           ~~~~~~~~~~~^^^^^^^^^
  File "C:\Users\Скай АВ Тех\AppData\Local\Programs\Python\Python314\Lib\site-packages\django\contrib\admin\templatetags\base.py", line 45, in render
    return super().render(context)
           ~~~~~~~~~~~~~~^^^^^^^^^
  File "C:\Users\Скай АВ Тех\AppData\Local\Programs\Python\Python314\Lib\site-packages\django\template\library.py", line 271, in render
    new_context = context.new(_dict)
  File "C:\Users\Скай АВ Тех\AppData\Local\Programs\Python\Python314\Lib\site-packages\django\template\context.py", line 265, in new
    new_context = super().new(values)
  File "C:\Users\Скай АВ Тех\AppData\Local\Programs\Python\Python314\Lib\site-packages\django\template\context.py", line 110, in new
    new_context = copy(self)
  File "C:\Users\Скай АВ Тех\AppData\Local\Programs\Python\Python314\Lib\copy.py", line 82, in copy
    return copier(x)
  File "C:\Users\Скай АВ Тех\AppData\Local\Programs\Python\Python314\Lib\site-packages\django\template\context.py", line 158, in __copy__
    duplicate = super().__copy__()
  File "C:\Users\Скай АВ Тех\AppData\Local\Programs\Python\Python314\Lib\site-packages\django\template\context.py", line 39, in __copy__
    duplicate.dicts = self.dicts[:]
    ^^^^^^^^^^^^^^^
AttributeError: 'super' object has no attribute 'dicts' and no __dict__ for setting new attributes
ERROR 2026-06-04 03:02:56,588 basehttp 15504 80 "GET /admin/core/user/add/ HTTP/1.1" 500 486895
INFO 2026-06-04 03:04:33,795 autoreload 15504 11296 W:\semestr\mybank\core\admin.py changed, reloading.
INFO 2026-06-04 03:04:35,596 autoreload 15492 10248 Watching for file changes with StatReloader
ERROR 2026-06-04 03:04:37,473 log 15492 672 Internal Server Error: /admin/core/user/add/
Traceback (most recent call last):
  File "C:\Users\Скай АВ Тех\AppData\Local\Programs\Python\Python314\Lib\site-packages\django\core\handlers\exception.py", line 55, in inner
    response = get_response(request)
  File "C:\Users\Скай АВ Тех\AppData\Local\Programs\Python\Python314\Lib\site-packages\django\core\handlers\base.py", line 220, in _get_response
    response = response.render()
  File "C:\Users\Скай АВ Тех\AppData\Local\Programs\Python\Python314\Lib\site-packages\django\template\response.py", line 111, in render
    self.content = self.rendered_content
                   ^^^^^^^^^^^^^^^^^^^^^
  File "C:\Users\Скай АВ Тех\AppData\Local\Programs\Python\Python314\Lib\site-packages\django\template\response.py", line 89, in rendered_content
    return template.render(context, self._request)
           ~~~~~~~~~~~~~~~^^^^^^^^^^^^^^^^^^^^^^^^
  File "C:\Users\Скай АВ Тех\AppData\Local\Programs\Python\Python314\Lib\site-packages\django\template\backends\django.py", line 61, in render
    return self.template.render(context)
           ~~~~~~~~~~~~~~~~~~~~^^^^^^^^^
  File "C:\Users\Скай АВ Тех\AppData\Local\Programs\Python\Python314\Lib\site-packages\django\template\base.py", line 175, in render
    return self._render(context)
           ~~~~~~~~~~~~^^^^^^^^^
  File "C:\Users\Скай АВ Тех\AppData\Local\Programs\Python\Python314\Lib\site-packages\django\template\base.py", line 167, in _render
    return self.nodelist.render(context)
           ~~~~~~~~~~~~~~~~~~~~^^^^^^^^^
  File "C:\Users\Скай АВ Тех\AppData\Local\Programs\Python\Python314\Lib\site-packages\django\template\base.py", line 1005, in render
    return SafeString("".join([node.render_annotated(context) for node in self]))
                               ~~~~~~~~~~~~~~~~~~~~~^^^^^^^^^
  File "C:\Users\Скай АВ Тех\AppData\Local\Programs\Python\Python314\Lib\site-packages\django\template\base.py", line 966, in render_annotated
    return self.render(context)
           ~~~~~~~~~~~^^^^^^^^^
  File "C:\Users\Скай АВ Тех\AppData\Local\Programs\Python\Python314\Lib\site-packages\django\template\loader_tags.py", line 157, in render
    return compiled_parent._render(context)
           ~~~~~~~~~~~~~~~~~~~~~~~^^^^^^^^^
  File "C:\Users\Скай АВ Тех\AppData\Local\Programs\Python\Python314\Lib\site-packages\django\template\base.py", line 167, in _render
    return self.nodelist.render(context)
           ~~~~~~~~~~~~~~~~~~~~^^^^^^^^^
  File "C:\Users\Скай АВ Тех\AppData\Local\Programs\Python\Python314\Lib\site-packages\django\template\base.py", line 1005, in render
    return SafeString("".join([node.render_annotated(context) for node in self]))
                               ~~~~~~~~~~~~~~~~~~~~~^^^^^^^^^
  File "C:\Users\Скай АВ Тех\AppData\Local\Programs\Python\Python314\Lib\site-packages\django\template\base.py", line 966, in render_annotated
    return self.render(context)
           ~~~~~~~~~~~^^^^^^^^^
  File "C:\Users\Скай АВ Тех\AppData\Local\Programs\Python\Python314\Lib\site-packages\django\template\loader_tags.py", line 157, in render
    return compiled_parent._render(context)
           ~~~~~~~~~~~~~~~~~~~~~~~^^^^^^^^^
  File "C:\Users\Скай АВ Тех\AppData\Local\Programs\Python\Python314\Lib\site-packages\django\template\base.py", line 167, in _render
    return self.nodelist.render(context)
           ~~~~~~~~~~~~~~~~~~~~^^^^^^^^^
  File "C:\Users\Скай АВ Тех\AppData\Local\Programs\Python\Python314\Lib\site-packages\django\template\base.py", line 1005, in render
    return SafeString("".join([node.render_annotated(context) for node in self]))
                               ~~~~~~~~~~~~~~~~~~~~~^^^^^^^^^
  File "C:\Users\Скай АВ Тех\AppData\Local\Programs\Python\Python314\Lib\site-packages\django\template\base.py", line 966, in render_annotated
    return self.render(context)
           ~~~~~~~~~~~^^^^^^^^^
  File "C:\Users\Скай АВ Тех\AppData\Local\Programs\Python\Python314\Lib\site-packages\django\template\loader_tags.py", line 157, in render
    return compiled_parent._render(context)
           ~~~~~~~~~~~~~~~~~~~~~~~^^^^^^^^^
  File "C:\Users\Скай АВ Тех\AppData\Local\Programs\Python\Python314\Lib\site-packages\django\template\base.py", line 167, in _render
    return self.nodelist.render(context)
           ~~~~~~~~~~~~~~~~~~~~^^^^^^^^^
  File "C:\Users\Скай АВ Тех\AppData\Local\Programs\Python\Python314\Lib\site-packages\django\template\base.py", line 1005, in render
    return SafeString("".join([node.render_annotated(context) for node in self]))
                               ~~~~~~~~~~~~~~~~~~~~~^^^^^^^^^
  File "C:\Users\Скай АВ Тех\AppData\Local\Programs\Python\Python314\Lib\site-packages\django\template\base.py", line 966, in render_annotated
    return self.render(context)
           ~~~~~~~~~~~^^^^^^^^^
  File "C:\Users\Скай АВ Тех\AppData\Local\Programs\Python\Python314\Lib\site-packages\django\template\loader_tags.py", line 63, in render
    result = block.nodelist.render(context)
  File "C:\Users\Скай АВ Тех\AppData\Local\Programs\Python\Python314\Lib\site-packages\django\template\base.py", line 1005, in render
    return SafeString("".join([node.render_annotated(context) for node in self]))
                               ~~~~~~~~~~~~~~~~~~~~~^^^^^^^^^
  File "C:\Users\Скай АВ Тех\AppData\Local\Programs\Python\Python314\Lib\site-packages\django\template\base.py", line 966, in render_annotated
    return self.render(context)
           ~~~~~~~~~~~^^^^^^^^^
  File "C:\Users\Скай АВ Тех\AppData\Local\Programs\Python\Python314\Lib\site-packages\django\template\loader_tags.py", line 63, in render
    result = block.nodelist.render(context)
  File "C:\Users\Скай АВ Тех\AppData\Local\Programs\Python\Python314\Lib\site-packages\django\template\base.py", line 1005, in render
    return SafeString("".join([node.render_annotated(context) for node in self]))
                               ~~~~~~~~~~~~~~~~~~~~~^^^^^^^^^
  File "C:\Users\Скай АВ Тех\AppData\Local\Programs\Python\Python314\Lib\site-packages\django\template\base.py", line 966, in render_annotated
    return self.render(context)
           ~~~~~~~~~~~^^^^^^^^^
  File "C:\Users\Скай АВ Тех\AppData\Local\Programs\Python\Python314\Lib\site-packages\django\contrib\admin\templatetags\base.py", line 45, in render
    return super().render(context)
           ~~~~~~~~~~~~~~^^^^^^^^^
  File "C:\Users\Скай АВ Тех\AppData\Local\Programs\Python\Python314\Lib\site-packages\django\template\library.py", line 271, in render
    new_context = context.new(_dict)
  File "C:\Users\Скай АВ Тех\AppData\Local\Programs\Python\Python314\Lib\site-packages\django\template\context.py", line 265, in new
    new_context = super().new(values)
  File "C:\Users\Скай АВ Тех\AppData\Local\Programs\Python\Python314\Lib\site-packages\django\template\context.py", line 110, in new
    new_context = copy(self)
  File "C:\Users\Скай АВ Тех\AppData\Local\Programs\Python\Python314\Lib\copy.py", line 82, in copy
    return copier(x)
  File "C:\Users\Скай АВ Тех\AppData\Local\Programs\Python\Python314\Lib\site-packages\django\template\context.py", line 158, in __copy__
    duplicate = super().__copy__()
  File "C:\Users\Скай АВ Тех\AppData\Local\Programs\Python\Python314\Lib\site-packages\django\template\context.py", line 39, in __copy__
    duplicate.dicts = self.dicts[:]
    ^^^^^^^^^^^^^^^
AttributeError: 'super' object has no attribute 'dicts' and no __dict__ for setting new attributes
ERROR 2026-06-04 03:04:37,483 basehttp 15492 672 "GET /admin/core/user/add/ HTTP/1.1" 500 487915
INFO 2026-06-04 03:05:41,650 autoreload 15492 10248 W:\semestr\mybank\core\admin.py changed, reloading.
INFO 2026-06-04 03:05:43,343 autoreload 7592 3364 Watching for file changes with StatReloader
WARNING 2026-06-04 03:05:44,599 log 7592 9812 Not Found: /admin/core/user/add/
WARNING 2026-06-04 03:05:44,600 basehttp 7592 9812 "GET /admin/core/user/add/ HTTP/1.1" 404 13617
INFO 2026-06-04 03:06:16,946 autoreload 7592 3364 W:\semestr\mybank\core\admin.py changed, reloading.
INFO 2026-06-04 03:06:18,833 autoreload 1732 6156 Watching for file changes with StatReloader
ERROR 2026-06-04 03:06:20,040 log 1732 14304 Internal Server Error: /admin/core/user/add/
Traceback (most recent call last):
  File "C:\Users\Скай АВ Тех\AppData\Local\Programs\Python\Python314\Lib\site-packages\django\core\handlers\exception.py", line 55, in inner
    response = get_response(request)
  File "C:\Users\Скай АВ Тех\AppData\Local\Programs\Python\Python314\Lib\site-packages\django\core\handlers\base.py", line 220, in _get_response
    response = response.render()
  File "C:\Users\Скай АВ Тех\AppData\Local\Programs\Python\Python314\Lib\site-packages\django\template\response.py", line 111, in render
    self.content = self.rendered_content
                   ^^^^^^^^^^^^^^^^^^^^^
  File "C:\Users\Скай АВ Тех\AppData\Local\Programs\Python\Python314\Lib\site-packages\django\template\response.py", line 89, in rendered_content
    return template.render(context, self._request)
           ~~~~~~~~~~~~~~~^^^^^^^^^^^^^^^^^^^^^^^^
  File "C:\Users\Скай АВ Тех\AppData\Local\Programs\Python\Python314\Lib\site-packages\django\template\backends\django.py", line 61, in render
    return self.template.render(context)
           ~~~~~~~~~~~~~~~~~~~~^^^^^^^^^
  File "C:\Users\Скай АВ Тех\AppData\Local\Programs\Python\Python314\Lib\site-packages\django\template\base.py", line 175, in render
    return self._render(context)
           ~~~~~~~~~~~~^^^^^^^^^
  File "C:\Users\Скай АВ Тех\AppData\Local\Programs\Python\Python314\Lib\site-packages\django\template\base.py", line 167, in _render
    return self.nodelist.render(context)
           ~~~~~~~~~~~~~~~~~~~~^^^^^^^^^
  File "C:\Users\Скай АВ Тех\AppData\Local\Programs\Python\Python314\Lib\site-packages\django\template\base.py", line 1005, in render
    return SafeString("".join([node.render_annotated(context) for node in self]))
                               ~~~~~~~~~~~~~~~~~~~~~^^^^^^^^^
  File "C:\Users\Скай АВ Тех\AppData\Local\Programs\Python\Python314\Lib\site-packages\django\template\base.py", line 966, in render_annotated
    return self.render(context)
           ~~~~~~~~~~~^^^^^^^^^
  File "C:\Users\Скай АВ Тех\AppData\Local\Programs\Python\Python314\Lib\site-packages\django\template\loader_tags.py", line 157, in render
    return compiled_parent._render(context)
           ~~~~~~~~~~~~~~~~~~~~~~~^^^^^^^^^
  File "C:\Users\Скай АВ Тех\AppData\Local\Programs\Python\Python314\Lib\site-packages\django\template\base.py", line 167, in _render
    return self.nodelist.render(context)
           ~~~~~~~~~~~~~~~~~~~~^^^^^^^^^
  File "C:\Users\Скай АВ Тех\AppData\Local\Programs\Python\Python314\Lib\site-packages\django\template\base.py", line 1005, in render
    return SafeString("".join([node.render_annotated(context) for node in self]))
                               ~~~~~~~~~~~~~~~~~~~~~^^^^^^^^^
  File "C:\Users\Скай АВ Тех\AppData\Local\Programs\Python\Python314\Lib\site-packages\django\template\base.py", line 966, in render_annotated
    return self.render(context)
           ~~~~~~~~~~~^^^^^^^^^
  File "C:\Users\Скай АВ Тех\AppData\Local\Programs\Python\Python314\Lib\site-packages\django\template\loader_tags.py", line 157, in render
    return compiled_parent._render(context)
           ~~~~~~~~~~~~~~~~~~~~~~~^^^^^^^^^
  File "C:\Users\Скай АВ Тех\AppData\Local\Programs\Python\Python314\Lib\site-packages\django\template\base.py", line 167, in _render
    return self.nodelist.render(context)
           ~~~~~~~~~~~~~~~~~~~~^^^^^^^^^
  File "C:\Users\Скай АВ Тех\AppData\Local\Programs\Python\Python314\Lib\site-packages\django\template\base.py", line 1005, in render
    return SafeString("".join([node.render_annotated(context) for node in self]))
                               ~~~~~~~~~~~~~~~~~~~~~^^^^^^^^^
  File "C:\Users\Скай АВ Тех\AppData\Local\Programs\Python\Python314\Lib\site-packages\django\template\base.py", line 966, in render_annotated
    return self.render(context)
           ~~~~~~~~~~~^^^^^^^^^
  File "C:\Users\Скай АВ Тех\AppData\Local\Programs\Python\Python314\Lib\site-packages\django\template\loader_tags.py", line 157, in render
    return compiled_parent._render(context)
           ~~~~~~~~~~~~~~~~~~~~~~~^^^^^^^^^
  File "C:\Users\Скай АВ Тех\AppData\Local\Programs\Python\Python314\Lib\site-packages\django\template\base.py", line 167, in _render
    return self.nodelist.render(context)
           ~~~~~~~~~~~~~~~~~~~~^^^^^^^^^
  File "C:\Users\Скай АВ Тех\AppData\Local\Programs\Python\Python314\Lib\site-packages\django\template\base.py", line 1005, in render
    return SafeString("".join([node.render_annotated(context) for node in self]))
                               ~~~~~~~~~~~~~~~~~~~~~^^^^^^^^^
  File "C:\Users\Скай АВ Тех\AppData\Local\Programs\Python\Python314\Lib\site-packages\django\template\base.py", line 966, in render_annotated
    return self.render(context)
           ~~~~~~~~~~~^^^^^^^^^
  File "C:\Users\Скай АВ Тех\AppData\Local\Programs\Python\Python314\Lib\site-packages\django\template\loader_tags.py", line 63, in render
    result = block.nodelist.render(context)
  File "C:\Users\Скай АВ Тех\AppData\Local\Programs\Python\Python314\Lib\site-packages\django\template\base.py", line 1005, in render
    return SafeString("".join([node.render_annotated(context) for node in self]))
                               ~~~~~~~~~~~~~~~~~~~~~^^^^^^^^^
  File "C:\Users\Скай АВ Тех\AppData\Local\Programs\Python\Python314\Lib\site-packages\django\template\base.py", line 966, in render_annotated
    return self.render(context)
           ~~~~~~~~~~~^^^^^^^^^
  File "C:\Users\Скай АВ Тех\AppData\Local\Programs\Python\Python314\Lib\site-packages\django\template\loader_tags.py", line 63, in render
    result = block.nodelist.render(context)
  File "C:\Users\Скай АВ Тех\AppData\Local\Programs\Python\Python314\Lib\site-packages\django\template\base.py", line 1005, in render
    return SafeString("".join([node.render_annotated(context) for node in self]))
                               ~~~~~~~~~~~~~~~~~~~~~^^^^^^^^^
  File "C:\Users\Скай АВ Тех\AppData\Local\Programs\Python\Python314\Lib\site-packages\django\template\base.py", line 966, in render_annotated
    return self.render(context)
           ~~~~~~~~~~~^^^^^^^^^
  File "C:\Users\Скай АВ Тех\AppData\Local\Programs\Python\Python314\Lib\site-packages\django\contrib\admin\templatetags\base.py", line 45, in render
    return super().render(context)
           ~~~~~~~~~~~~~~^^^^^^^^^
  File "C:\Users\Скай АВ Тех\AppData\Local\Programs\Python\Python314\Lib\site-packages\django\template\library.py", line 271, in render
    new_context = context.new(_dict)
  File "C:\Users\Скай АВ Тех\AppData\Local\Programs\Python\Python314\Lib\site-packages\django\template\context.py", line 265, in new
    new_context = super().new(values)
  File "C:\Users\Скай АВ Тех\AppData\Local\Programs\Python\Python314\Lib\site-packages\django\template\context.py", line 110, in new
    new_context = copy(self)
  File "C:\Users\Скай АВ Тех\AppData\Local\Programs\Python\Python314\Lib\copy.py", line 82, in copy
    return copier(x)
  File "C:\Users\Скай АВ Тех\AppData\Local\Programs\Python\Python314\Lib\site-packages\django\template\context.py", line 158, in __copy__
    duplicate = super().__copy__()
  File "C:\Users\Скай АВ Тех\AppData\Local\Programs\Python\Python314\Lib\site-packages\django\template\context.py", line 39, in __copy__
    duplicate.dicts = self.dicts[:]
    ^^^^^^^^^^^^^^^
AttributeError: 'super' object has no attribute 'dicts' and no __dict__ for setting new attributes
ERROR 2026-06-04 03:06:20,053 basehttp 1732 14304 "GET /admin/core/user/add/ HTTP/1.1" 500 487940
INFO 2026-06-04 03:06:26,068 autoreload 1732 6156 W:\semestr\mybank\core\admin.py changed, reloading.
INFO 2026-06-04 03:06:27,945 autoreload 15060 10804 Watching for file changes with StatReloader
INFO 2026-06-04 03:06:33,915 basehttp 15060 1684 "GET /admin/managers/add/ HTTP/1.1" 302 0
INFO 2026-06-04 03:06:33,966 basehttp 15060 1684 "GET /admin/managers/ HTTP/1.1" 200 10952
INFO 2026-06-04 03:06:36,946 basehttp 15060 1684 "GET /admin/assets/ HTTP/1.1" 200 11468
INFO 2026-06-04 03:06:39,611 basehttp 15060 1684 "GET /admin/assets/add/ HTTP/1.1" 200 12013
INFO 2026-06-04 03:06:41,455 basehttp 15060 1684 "GET /admin/clients/ HTTP/1.1" 200 18760
INFO 2026-06-04 03:06:45,008 basehttp 15060 1684 "GET /logout/ HTTP/1.1" 302 0
INFO 2026-06-04 03:06:45,016 basehttp 15060 1684 "GET / HTTP/1.1" 200 10597
INFO 2026-06-04 03:06:47,283 basehttp 15060 1684 "GET /login/ HTTP/1.1" 200 8855
INFO 2026-06-04 03:06:58,530 basehttp 15060 1684 "POST /login/ HTTP/1.1" 302 0
INFO 2026-06-04 03:06:58,544 basehttp 15060 1684 "GET / HTTP/1.1" 200 12204
INFO 2026-06-04 03:07:06,758 basehttp 15060 1684 "GET /manager/clients/ HTTP/1.1" 200 15754
INFO 2026-06-04 03:07:15,263 basehttp 15060 1684 "GET /manager/clients/ HTTP/1.1" 200 15754
INFO 2026-06-04 03:07:18,137 basehttp 15060 1684 "GET /manager/clients/?status=active HTTP/1.1" 200 15754
INFO 2026-06-04 03:07:19,051 basehttp 15060 1684 "GET /manager/clients/?status=pending HTTP/1.1" 200 11124
INFO 2026-06-04 03:07:20,098 basehttp 15060 1684 "GET /manager/clients/?status=active HTTP/1.1" 200 15754
INFO 2026-06-04 03:07:20,876 basehttp 15060 1684 "GET /manager/clients/?status=blocked HTTP/1.1" 200 11124
INFO 2026-06-04 03:07:21,718 basehttp 15060 1684 "GET /manager/clients/? HTTP/1.1" 200 15754
INFO 2026-06-04 03:08:09,813 basehttp 15060 1684 "GET /manager/withdrawals/ HTTP/1.1" 200 10188
INFO 2026-06-04 03:08:10,949 basehttp 15060 1684 "GET /manager/company-requests/ HTTP/1.1" 200 10128
INFO 2026-06-04 03:08:13,162 basehttp 15060 1684 "GET /manager/companies/ HTTP/1.1" 200 20221
INFO 2026-06-04 03:08:13,973 basehttp 15060 1684 "GET /manager/clients/ HTTP/1.1" 200 15754
INFO 2026-06-04 03:08:16,315 basehttp 15060 1684 "GET /logout/ HTTP/1.1" 302 0
INFO 2026-06-04 03:08:16,321 basehttp 15060 1684 "GET / HTTP/1.1" 200 10597
INFO 2026-06-04 03:08:17,254 basehttp 15060 1684 "GET /register/ HTTP/1.1" 200 10984
INFO 2026-06-04 03:09:14,009 basehttp 15060 1684 "POST /register/ HTTP/1.1" 200 11320
INFO 2026-06-04 03:12:18,248 autoreload 15060 10804 W:\semestr\mybank\core\forms.py changed, reloading.
INFO 2026-06-04 03:12:19,777 autoreload 2668 8776 Watching for file changes with StatReloader
INFO 2026-06-04 03:12:58,582 autoreload 2668 8776 W:\semestr\mybank\core\forms.py changed, reloading.
INFO 2026-06-04 03:13:00,009 autoreload 14476 14964 Watching for file changes with StatReloader
ERROR 2026-06-04 03:13:34,045 views 14476 8920 Ошибка отправки письма: (535, b'5.7.8 Username and Password not accepted. For more information, go to\n5.7.8  https://support.google.com/mail/?p=BadCredentials ffacd0b85a97d-4601f351d69sm18987226f8f.29 - gsmtp')
INFO 2026-06-04 03:13:34,054 basehttp 14476 8920 "POST /register/ HTTP/1.1" 302 0
INFO 2026-06-04 03:13:34,101 basehttp 14476 8920 "GET /login/ HTTP/1.1" 200 9221
INFO 2026-06-04 03:13:57,099 basehttp 14476 8920 "POST /login/ HTTP/1.1" 200 9147
INFO 2026-06-04 03:14:06,278 basehttp 14476 8920 "POST /login/ HTTP/1.1" 302 0
INFO 2026-06-04 03:14:06,292 basehttp 14476 8920 "GET / HTTP/1.1" 200 12204
INFO 2026-06-04 03:14:11,427 basehttp 14476 8920 "GET /manager/withdrawals/ HTTP/1.1" 200 10188
INFO 2026-06-04 03:14:12,510 basehttp 14476 8920 "GET /manager/clients/ HTTP/1.1" 200 15318
INFO 2026-06-04 03:14:28,231 basehttp 14476 8920 "GET /logout/ HTTP/1.1" 302 0
INFO 2026-06-04 03:14:28,238 basehttp 14476 8920 "GET / HTTP/1.1" 200 10597
INFO 2026-06-04 03:14:32,178 basehttp 14476 8920 "GET /login/ HTTP/1.1" 200 8855
INFO 2026-06-04 03:14:36,335 basehttp 14476 8920 "POST /login/ HTTP/1.1" 302 0
INFO 2026-06-04 03:14:36,350 basehttp 14476 8920 "GET / HTTP/1.1" 200 12716
INFO 2026-06-04 03:14:39,023 basehttp 14476 8920 "GET /admin/clients/ HTTP/1.1" 200 19946
INFO 2026-06-04 03:14:42,455 basehttp 14476 8920 "POST /admin/clients/5/block/ HTTP/1.1" 302 0
INFO 2026-06-04 03:14:42,488 basehttp 14476 8920 "GET /admin/clients/ HTTP/1.1" 200 20241
INFO 2026-06-04 03:14:46,224 basehttp 14476 8920 "GET /logout/ HTTP/1.1" 302 0
INFO 2026-06-04 03:14:46,231 basehttp 14476 8920 "GET / HTTP/1.1" 200 10597
INFO 2026-06-04 03:14:48,241 basehttp 14476 8920 "GET /register/ HTTP/1.1" 200 11868
INFO 2026-06-04 03:14:51,348 basehttp 14476 8920 "GET /login/ HTTP/1.1" 200 8855
INFO 2026-06-04 03:15:02,605 basehttp 14476 8920 "POST /login/ HTTP/1.1" 302 0
INFO 2026-06-04 03:15:02,620 basehttp 14476 8920 "GET / HTTP/1.1" 200 12396
INFO 2026-06-04 03:15:04,216 basehttp 14476 8920 "GET /dashboard/ HTTP/1.1" 200 12775
ERROR 2026-06-04 03:15:07,298 log 14476 8920 Internal Server Error: /account/
Traceback (most recent call last):
  File "C:\Users\Скай АВ Тех\AppData\Local\Programs\Python\Python314\Lib\site-packages\django\core\handlers\exception.py", line 55, in inner
    response = get_response(request)
  File "C:\Users\Скай АВ Тех\AppData\Local\Programs\Python\Python314\Lib\site-packages\django\core\handlers\base.py", line 197, in _get_response
    response = wrapped_callback(request, *callback_args, **callback_kwargs)
  File "C:\Users\Скай АВ Тех\AppData\Local\Programs\Python\Python314\Lib\site-packages\django\contrib\auth\decorators.py", line 23, in _wrapper_view
    return view_func(request, *args, **kwargs)
  File "W:\semestr\mybank\core\decorators.py", line 37, in wrapped
    return view_func(request, *args, **kwargs)
  File "W:\semestr\mybank\core\views.py", line 208, in account
    return render(request, 'account.html', context)
  File "C:\Users\Скай АВ Тех\AppData\Local\Programs\Python\Python314\Lib\site-packages\django\shortcuts.py", line 24, in render
    content = loader.render_to_string(template_name, context, request, using=using)
  File "C:\Users\Скай АВ Тех\AppData\Local\Programs\Python\Python314\Lib\site-packages\django\template\loader.py", line 61, in render_to_string
    template = get_template(template_name, using=using)
  File "C:\Users\Скай АВ Тех\AppData\Local\Programs\Python\Python314\Lib\site-packages\django\template\loader.py", line 19, in get_template
    raise TemplateDoesNotExist(template_name, chain=chain)
django.template.exceptions.TemplateDoesNotExist: account.html
ERROR 2026-06-04 03:15:07,302 basehttp 14476 8920 "GET /account/ HTTP/1.1" 500 99794
INFO 2026-06-04 03:15:32,216 basehttp 14476 8920 "GET /portfolio/ HTTP/1.1" 200 11378
INFO 2026-06-04 03:15:34,533 basehttp 14476 8920 "GET /dashboard/ HTTP/1.1" 200 12775
ERROR 2026-06-04 03:15:39,629 log 14476 8920 Internal Server Error: /transactions/
Traceback (most recent call last):
  File "C:\Users\Скай АВ Тех\AppData\Local\Programs\Python\Python314\Lib\site-packages\django\core\handlers\exception.py", line 55, in inner
    response = get_response(request)
  File "C:\Users\Скай АВ Тех\AppData\Local\Programs\Python\Python314\Lib\site-packages\django\core\handlers\base.py", line 197, in _get_response
    response = wrapped_callback(request, *callback_args, **callback_kwargs)
  File "C:\Users\Скай АВ Тех\AppData\Local\Programs\Python\Python314\Lib\site-packages\django\contrib\auth\decorators.py", line 23, in _wrapper_view
    return view_func(request, *args, **kwargs)
  File "W:\semestr\mybank\core\decorators.py", line 37, in wrapped
    return view_func(request, *args, **kwargs)
  File "W:\semestr\mybank\core\views.py", line 503, in transactions
    return render(request, 'transactions.html', context)
  File "C:\Users\Скай АВ Тех\AppData\Local\Programs\Python\Python314\Lib\site-packages\django\shortcuts.py", line 24, in render
    content = loader.render_to_string(template_name, context, request, using=using)
  File "C:\Users\Скай АВ Тех\AppData\Local\Programs\Python\Python314\Lib\site-packages\django\template\loader.py", line 61, in render_to_string
    template = get_template(template_name, using=using)
  File "C:\Users\Скай АВ Тех\AppData\Local\Programs\Python\Python314\Lib\site-packages\django\template\loader.py", line 19, in get_template
    raise TemplateDoesNotExist(template_name, chain=chain)
django.template.exceptions.TemplateDoesNotExist: transactions.html
ERROR 2026-06-04 03:15:39,631 basehttp 14476 8920 "GET /transactions/ HTTP/1.1" 500 99706
ERROR 2026-06-04 03:15:55,801 log 14476 8920 Internal Server Error: /account/
Traceback (most recent call last):
  File "C:\Users\Скай АВ Тех\AppData\Local\Programs\Python\Python314\Lib\site-packages\django\core\handlers\exception.py", line 55, in inner
    response = get_response(request)
  File "C:\Users\Скай АВ Тех\AppData\Local\Programs\Python\Python314\Lib\site-packages\django\core\handlers\base.py", line 197, in _get_response
    response = wrapped_callback(request, *callback_args, **callback_kwargs)
  File "C:\Users\Скай АВ Тех\AppData\Local\Programs\Python\Python314\Lib\site-packages\django\contrib\auth\decorators.py", line 23, in _wrapper_view
    return view_func(request, *args, **kwargs)
  File "W:\semestr\mybank\core\decorators.py", line 37, in wrapped
    return view_func(request, *args, **kwargs)
  File "W:\semestr\mybank\core\views.py", line 208, in account
    return render(request, 'account.html', context)
  File "C:\Users\Скай АВ Тех\AppData\Local\Programs\Python\Python314\Lib\site-packages\django\shortcuts.py", line 24, in render
    content = loader.render_to_string(template_name, context, request, using=using)
  File "C:\Users\Скай АВ Тех\AppData\Local\Programs\Python\Python314\Lib\site-packages\django\template\loader.py", line 61, in render_to_string
    template = get_template(template_name, using=using)
  File "C:\Users\Скай АВ Тех\AppData\Local\Programs\Python\Python314\Lib\site-packages\django\template\loader.py", line 19, in get_template
    raise TemplateDoesNotExist(template_name, chain=chain)
django.template.exceptions.TemplateDoesNotExist: account.html
ERROR 2026-06-04 03:15:55,804 basehttp 14476 8920 "GET /account/ HTTP/1.1" 500 99794
ERROR 2026-06-04 03:15:58,576 log 14476 8920 Internal Server Error: /account/
Traceback (most recent call last):
  File "C:\Users\Скай АВ Тех\AppData\Local\Programs\Python\Python314\Lib\site-packages\django\core\handlers\exception.py", line 55, in inner
    response = get_response(request)
  File "C:\Users\Скай АВ Тех\AppData\Local\Programs\Python\Python314\Lib\site-packages\django\core\handlers\base.py", line 197, in _get_response
    response = wrapped_callback(request, *callback_args, **callback_kwargs)
  File "C:\Users\Скай АВ Тех\AppData\Local\Programs\Python\Python314\Lib\site-packages\django\contrib\auth\decorators.py", line 23, in _wrapper_view
    return view_func(request, *args, **kwargs)
  File "W:\semestr\mybank\core\decorators.py", line 37, in wrapped
    return view_func(request, *args, **kwargs)
  File "W:\semestr\mybank\core\views.py", line 208, in account
    return render(request, 'account.html', context)
  File "C:\Users\Скай АВ Тех\AppData\Local\Programs\Python\Python314\Lib\site-packages\django\shortcuts.py", line 24, in render
    content = loader.render_to_string(template_name, context, request, using=using)
  File "C:\Users\Скай АВ Тех\AppData\Local\Programs\Python\Python314\Lib\site-packages\django\template\loader.py", line 61, in render_to_string
    template = get_template(template_name, using=using)
  File "C:\Users\Скай АВ Тех\AppData\Local\Programs\Python\Python314\Lib\site-packages\django\template\loader.py", line 19, in get_template
    raise TemplateDoesNotExist(template_name, chain=chain)
django.template.exceptions.TemplateDoesNotExist: account.html
ERROR 2026-06-04 03:15:58,578 basehttp 14476 8920 "GET /account/ HTTP/1.1" 500 99794
INFO 2026-06-04 03:16:01,166 basehttp 14476 8920 "GET /market/ HTTP/1.1" 200 12202
INFO 2026-06-04 03:16:05,197 basehttp 14476 8920 "GET /portfolio/ HTTP/1.1" 200 11378
INFO 2026-06-04 03:16:07,981 basehttp 14476 8920 "GET /market/ HTTP/1.1" 200 12202
INFO 2026-06-04 03:16:09,199 basehttp 14476 8920 "GET /portfolio/ HTTP/1.1" 200 11378
ERROR 2026-06-04 03:16:10,949 log 14476 8920 Internal Server Error: /transactions/
Traceback (most recent call last):
  File "C:\Users\Скай АВ Тех\AppData\Local\Programs\Python\Python314\Lib\site-packages\django\core\handlers\exception.py", line 55, in inner
    response = get_response(request)
  File "C:\Users\Скай АВ Тех\AppData\Local\Programs\Python\Python314\Lib\site-packages\django\core\handlers\base.py", line 197, in _get_response
    response = wrapped_callback(request, *callback_args, **callback_kwargs)
  File "C:\Users\Скай АВ Тех\AppData\Local\Programs\Python\Python314\Lib\site-packages\django\contrib\auth\decorators.py", line 23, in _wrapper_view
    return view_func(request, *args, **kwargs)
  File "W:\semestr\mybank\core\decorators.py", line 37, in wrapped
    return view_func(request, *args, **kwargs)
  File "W:\semestr\mybank\core\views.py", line 503, in transactions
    return render(request, 'transactions.html', context)
  File "C:\Users\Скай АВ Тех\AppData\Local\Programs\Python\Python314\Lib\site-packages\django\shortcuts.py", line 24, in render
    content = loader.render_to_string(template_name, context, request, using=using)
  File "C:\Users\Скай АВ Тех\AppData\Local\Programs\Python\Python314\Lib\site-packages\django\template\loader.py", line 61, in render_to_string
    template = get_template(template_name, using=using)
  File "C:\Users\Скай АВ Тех\AppData\Local\Programs\Python\Python314\Lib\site-packages\django\template\loader.py", line 19, in get_template
    raise TemplateDoesNotExist(template_name, chain=chain)
django.template.exceptions.TemplateDoesNotExist: transactions.html
ERROR 2026-06-04 03:16:10,953 basehttp 14476 8920 "GET /transactions/ HTTP/1.1" 500 99706
INFO 2026-06-04 03:17:42,805 basehttp 14476 8920 "GET /portfolio/ HTTP/1.1" 200 11378
INFO 2026-06-04 03:17:44,787 basehttp 14476 8920 "GET /account/ HTTP/1.1" 200 12671
INFO 2026-06-04 03:17:53,138 basehttp 14476 8920 "POST /api/deposit/ HTTP/1.1" 302 0
INFO 2026-06-04 03:17:53,155 basehttp 14476 8920 "GET /account/ HTTP/1.1" 200 12975
INFO 2026-06-04 03:17:59,193 basehttp 14476 8920 "POST /api/withdraw/ HTTP/1.1" 302 0
INFO 2026-06-04 03:17:59,208 basehttp 14476 8920 "GET /account/ HTTP/1.1" 200 13278
INFO 2026-06-04 03:18:04,171 basehttp 14476 8920 "GET /logout/ HTTP/1.1" 302 0
INFO 2026-06-04 03:18:04,179 basehttp 14476 8920 "GET / HTTP/1.1" 200 10597
INFO 2026-06-04 03:18:06,836 basehttp 14476 8920 "GET /login/ HTTP/1.1" 200 8855
INFO 2026-06-04 03:18:22,771 basehttp 14476 8920 "POST /login/ HTTP/1.1" 302 0
INFO 2026-06-04 03:18:22,784 basehttp 14476 8920 "GET / HTTP/1.1" 200 12204
INFO 2026-06-04 03:18:26,939 basehttp 14476 8920 "GET /manager/clients/ HTTP/1.1" 200 15313
INFO 2026-06-04 03:18:31,420 basehttp 14476 8920 "GET /manager/withdrawals/ HTTP/1.1" 200 11255
ERROR 2026-06-04 03:18:36,407 views 14476 8920 Ошибка отправки письма: (535, b'5.7.8 Username and Password not accepted. For more information, go to\n5.7.8  https://support.google.com/mail/?p=BadCredentials ffacd0b85a97d-4601f2f5612sm11348858f8f.15 - gsmtp')
INFO 2026-06-04 03:18:36,550 basehttp 14476 8920 "POST /manager/withdrawals/ HTTP/1.1" 302 0
INFO 2026-06-04 03:18:36,566 basehttp 14476 8920 "GET /manager/withdrawals/ HTTP/1.1" 200 10515
INFO 2026-06-04 03:18:38,489 basehttp 14476 8920 "GET /manager/company-requests/ HTTP/1.1" 200 10128
INFO 2026-06-04 03:18:41,294 basehttp 14476 8920 "GET /logout/ HTTP/1.1" 302 0
INFO 2026-06-04 03:18:41,300 basehttp 14476 8920 "GET / HTTP/1.1" 200 10597
INFO 2026-06-04 03:18:42,814 basehttp 14476 8920 "GET /login/ HTTP/1.1" 200 8855
INFO 2026-06-04 03:18:53,430 basehttp 14476 8920 "POST /login/ HTTP/1.1" 302 0
INFO 2026-06-04 03:18:53,443 basehttp 14476 8920 "GET / HTTP/1.1" 200 12396
INFO 2026-06-04 03:18:56,806 basehttp 14476 8920 "GET /account/ HTTP/1.1" 200 12900
INFO 2026-06-04 03:19:03,120 basehttp 14476 8920 "GET /market/ HTTP/1.1" 200 12202
INFO 2026-06-04 03:19:11,498 basehttp 14476 8920 "POST /api/buy/1/ HTTP/1.1" 302 0
INFO 2026-06-04 03:19:11,522 basehttp 14476 8920 "GET /portfolio/ HTTP/1.1" 200 14556
INFO 2026-06-04 03:19:16,562 basehttp 14476 8920 "GET /dashboard/ HTTP/1.1" 200 14773
INFO 2026-06-04 03:19:22,339 basehttp 14476 8920 "GET /portfolio/ HTTP/1.1" 200 14256
INFO 2026-06-04 03:19:25,102 basehttp 14476 8920 "GET /dashboard/ HTTP/1.1" 200 14773
INFO 2026-06-04 03:19:35,036 basehttp 14476 8416 "GET /market/ HTTP/1.1" 200 12202
INFO 2026-06-04 03:19:36,135 basehttp 14476 8416 "GET /portfolio/ HTTP/1.1" 200 14256
INFO 2026-06-04 03:19:43,765 basehttp 14476 8416 "GET /transactions/ HTTP/1.1" 200 12637
INFO 2026-06-04 03:19:48,755 basehttp 14476 8416 "GET /portfolio/ HTTP/1.1" 200 14256
INFO 2026-06-04 03:19:51,706 basehttp 14476 8416 "GET /dashboard/ HTTP/1.1" 200 14773
INFO 2026-06-04 03:19:55,014 basehttp 14476 8416 "GET /portfolio/ HTTP/1.1" 200 14256
INFO 2026-06-04 03:19:55,869 basehttp 14476 8416 "GET /market/ HTTP/1.1" 200 12202
INFO 2026-06-04 03:34:40,151 tasks 5612 2354199580224 Запущено обновление цен для: TEST
ERROR 2026-06-04 03:34:41,255 tasks 5612 2354199580224 Критическая ошибка при обновлении цен: 'TDClient' object has no attribute 'quote'
INFO 2026-06-04 03:34:41,256 tasks 5612 2354199580224 Задача обновления цен завершена.
INFO 2026-06-04 03:35:00,068 tasks 5612 2354209441728 Запущено обновление цен для: TEST
ERROR 2026-06-04 03:35:00,069 tasks 5612 2354209441728 Критическая ошибка при обновлении цен: 'TDClient' object has no attribute 'quote'
INFO 2026-06-04 03:35:00,069 tasks 5612 2354209441728 Задача обновления цен завершена.
INFO 2026-06-04 03:36:05,937 tasks 5612 2354209072512 Запущено обновление цен для: TEST
ERROR 2026-06-04 03:36:05,938 tasks 5612 2354209072512 Критическая ошибка при обновлении цен: 'TDClient' object has no attribute 'quote'
INFO 2026-06-04 03:36:05,939 tasks 5612 2354209072512 Задача обновления цен завершена.
INFO 2026-06-04 03:37:36,010 tasks 8592 2522280473856 Запущено обновление цен для: TEST
ERROR 2026-06-04 03:37:36,896 tasks 8592 2522280473856 Ошибка при обновлении TEST: 'TimeSeries' object has no attribute 'get'
INFO 2026-06-04 03:37:36,896 tasks 8592 2522280473856 Задача обновления цен завершена.
INFO 2026-06-04 03:39:06,476 tasks 13844 2626944589888 Запущено обновление цен для: TEST
INFO 2026-06-04 03:39:06,826 tasks 13844 2626944589888 Обновление цен завершено.
INFO 2026-06-04 03:39:59,523 autoreload 6004 13836 Watching for file changes with StatReloader
INFO 2026-06-04 03:40:00,057 tasks 13844 2626944582528 Запущено обновление цен для: TEST
INFO 2026-06-04 03:40:00,319 tasks 13844 2626944582528 Обновление цен завершено.
INFO 2026-06-04 03:40:03,193 basehttp 6004 8676 "GET /dashboard/ HTTP/1.1" 200 14773
INFO 2026-06-04 03:40:05,519 basehttp 6004 8676 "GET /dashboard/ HTTP/1.1" 200 14773
INFO 2026-06-04 03:40:11,564 basehttp 6004 8676 "GET /account/ HTTP/1.1" 200 12901
INFO 2026-06-04 03:40:12,622 basehttp 6004 8676 "GET /market/ HTTP/1.1" 200 12202
INFO 2026-06-04 03:40:13,706 basehttp 6004 8676 "GET /portfolio/ HTTP/1.1" 200 14256
INFO 2026-06-04 03:40:14,605 basehttp 6004 8676 "GET /portfolio/ HTTP/1.1" 200 14256
INFO 2026-06-04 03:40:15,255 basehttp 6004 8676 "GET /transactions/ HTTP/1.1" 200 12637
INFO 2026-06-04 03:40:16,072 basehttp 6004 8676 "GET /about/ HTTP/1.1" 200 12848
INFO 2026-06-04 03:40:17,266 basehttp 6004 8676 "GET /about/ HTTP/1.1" 200 12848
INFO 2026-06-04 03:40:17,924 basehttp 6004 8676 "GET /faq/ HTTP/1.1" 200 13228
INFO 2026-06-04 03:40:18,543 basehttp 6004 8676 "GET /about/ HTTP/1.1" 200 12848
INFO 2026-06-04 03:40:19,179 basehttp 6004 8676 "GET /transactions/ HTTP/1.1" 200 12637
INFO 2026-06-04 03:40:19,892 basehttp 6004 8676 "GET /portfolio/ HTTP/1.1" 200 14256
INFO 2026-06-04 03:40:23,437 basehttp 6004 8676 "GET /market/ HTTP/1.1" 200 12202
INFO 2026-06-04 03:40:24,403 basehttp 6004 8676 "GET /market/ HTTP/1.1" 200 12202
INFO 2026-06-04 03:40:25,148 basehttp 6004 8676 "GET /portfolio/ HTTP/1.1" 200 14256
INFO 2026-06-04 03:41:41,976 basehttp 6004 8676 "GET /logout/ HTTP/1.1" 302 0
INFO 2026-06-04 03:41:42,012 basehttp 6004 8676 "GET / HTTP/1.1" 200 10597
INFO 2026-06-04 03:41:42,919 basehttp 6004 8676 "GET /register/ HTTP/1.1" 200 11868
INFO 2026-06-04 03:44:27,411 autoreload 6004 13836 W:\semestr\mybank\core\models.py changed, reloading.
INFO 2026-06-04 03:44:29,311 autoreload 2248 10460 Watching for file changes with StatReloader
INFO 2026-06-04 03:45:00,042 tasks 13844 2626945152064 Запущено обновление цен для: TEST
INFO 2026-06-04 03:45:00,336 tasks 13844 2626945152064 Обновление цен завершено.
INFO 2026-06-04 03:45:14,721 autoreload 2248 10460 W:\semestr\mybank\core\forms.py changed, reloading.
INFO 2026-06-04 03:45:16,483 autoreload 3136 15500 Watching for file changes with StatReloader
INFO 2026-06-04 03:45:28,028 basehttp 3136 12036 "GET /register/ HTTP/1.1" 200 12976
INFO 2026-06-04 03:45:55,080 basehttp 3136 12036 "GET /register/ HTTP/1.1" 200 12984
INFO 2026-06-04 03:46:14,397 basehttp 3136 12036 "GET /contacts/ HTTP/1.1" 200 10598
INFO 2026-06-04 03:46:15,895 basehttp 3136 12036 "GET /login/ HTTP/1.1" 200 8855
INFO 2026-06-04 03:46:18,786 basehttp 3136 12036 "GET /about/ HTTP/1.1" 200 10969
INFO 2026-06-04 03:46:24,727 basehttp 3136 12036 "GET /about/ HTTP/1.1" 200 10969
INFO 2026-06-04 03:46:25,567 basehttp 3136 12036 "GET /faq/ HTTP/1.1" 200 11349
INFO 2026-06-04 03:48:39,472 tasks 8448 9288 Обновление цен завершено
INFO 2026-06-04 03:49:12,231 tasks 8448 9288 Обновление цен завершено
INFO 2026-06-04 03:49:47,277 tasks 8448 9288 Обновление цен завершено
INFO 2026-06-04 03:50:00,050 tasks 13844 2626945169600 Запущено обновление цен для: TEST
INFO 2026-06-04 03:50:00,311 tasks 13844 2626945169600 Обновление цен завершено.
INFO 2026-06-04 03:50:40,091 tasks 11048 6184 TEST: 47.4 -> 45.88
INFO 2026-06-04 03:50:40,367 tasks 11048 6184 Price update completed
INFO 2026-06-04 03:52:35,006 tasks 11048 6184 TEST: 45.88 -> 45.88
INFO 2026-06-04 03:52:35,262 tasks 11048 6184 Price update completed
INFO 2026-06-04 03:54:40,703 tasks 8868 2235994090624 TEST: 45.88 -> 45.88
INFO 2026-06-04 03:54:40,962 tasks 8868 2235994090624 Price update completed
INFO 2026-06-04 03:55:40,287 tasks 8868 2235982452288 TEST: 45.88 -> 45.88
INFO 2026-06-04 03:55:40,534 tasks 8868 2235982452288 Price update completed
INFO 2026-06-04 03:56:11,059 autoreload 15016 7592 Watching for file changes with StatReloader
INFO 2026-06-04 03:56:14,616 basehttp 15016 12788 "GET /about/ HTTP/1.1" 200 10969
INFO 2026-06-04 03:56:18,085 basehttp 15016 12788 "GET /about/ HTTP/1.1" 200 10969
INFO 2026-06-04 03:56:40,286 tasks 8868 2235996909312 TEST: 45.88 -> 45.88
INFO 2026-06-04 03:56:40,544 tasks 8868 2235996909312 Price update completed
INFO 2026-06-04 03:57:17,509 basehttp 15016 12788 "GET /admin/core/asset/add/ HTTP/1.1" 302 0
INFO 2026-06-04 03:57:17,771 basehttp 15016 12788 "GET /admin/login/?next=/admin/core/asset/add/ HTTP/1.1" 200 4301
INFO 2026-06-04 03:57:18,091 basehttp 15016 12788 "GET /static/admin/css/base.css HTTP/1.1" 200 21207
INFO 2026-06-04 03:57:18,114 basehttp 15016 12788 "GET /static/admin/css/dark_mode.css HTTP/1.1" 200 2929
INFO 2026-06-04 03:57:18,145 basehttp 15016 12788 "GET /static/admin/css/nav_sidebar.css HTTP/1.1" 200 2694
INFO 2026-06-04 03:57:18,161 basehttp 15016 12788 "GET /static/admin/css/login.css HTTP/1.1" 200 958
INFO 2026-06-04 03:57:18,181 basehttp 15016 12788 "GET /static/admin/css/responsive.css HTTP/1.1" 200 18557
INFO 2026-06-04 03:57:18,374 basehttp 15016 12788 "GET /static/admin/js/theme.js HTTP/1.1" 200 1943
INFO 2026-06-04 03:57:18,444 basehttp 15016 8852 "GET /static/admin/js/nav_sidebar.js HTTP/1.1" 200 3063
INFO 2026-06-04 03:57:24,103 basehttp 15016 8852 "POST /admin/login/?next=/admin/core/asset/add/ HTTP/1.1" 302 0
ERROR 2026-06-04 03:57:24,287 log 15016 8852 Internal Server Error: /admin/core/asset/add/
Traceback (most recent call last):
  File "C:\Users\Скай АВ Тех\AppData\Local\Programs\Python\Python314\Lib\site-packages\django\core\handlers\exception.py", line 55, in inner
    response = get_response(request)
  File "C:\Users\Скай АВ Тех\AppData\Local\Programs\Python\Python314\Lib\site-packages\django\core\handlers\base.py", line 220, in _get_response
    response = response.render()
  File "C:\Users\Скай АВ Тех\AppData\Local\Programs\Python\Python314\Lib\site-packages\django\template\response.py", line 111, in render
    self.content = self.rendered_content
                   ^^^^^^^^^^^^^^^^^^^^^
  File "C:\Users\Скай АВ Тех\AppData\Local\Programs\Python\Python314\Lib\site-packages\django\template\response.py", line 89, in rendered_content
    return template.render(context, self._request)
           ~~~~~~~~~~~~~~~^^^^^^^^^^^^^^^^^^^^^^^^
  File "C:\Users\Скай АВ Тех\AppData\Local\Programs\Python\Python314\Lib\site-packages\django\template\backends\django.py", line 61, in render
    return self.template.render(context)
           ~~~~~~~~~~~~~~~~~~~~^^^^^^^^^
  File "C:\Users\Скай АВ Тех\AppData\Local\Programs\Python\Python314\Lib\site-packages\django\template\base.py", line 175, in render
    return self._render(context)
           ~~~~~~~~~~~~^^^^^^^^^
  File "C:\Users\Скай АВ Тех\AppData\Local\Programs\Python\Python314\Lib\site-packages\django\template\base.py", line 167, in _render
    return self.nodelist.render(context)
           ~~~~~~~~~~~~~~~~~~~~^^^^^^^^^
  File "C:\Users\Скай АВ Тех\AppData\Local\Programs\Python\Python314\Lib\site-packages\django\template\base.py", line 1005, in render
    return SafeString("".join([node.render_annotated(context) for node in self]))
                               ~~~~~~~~~~~~~~~~~~~~~^^^^^^^^^
  File "C:\Users\Скай АВ Тех\AppData\Local\Programs\Python\Python314\Lib\site-packages\django\template\base.py", line 966, in render_annotated
    return self.render(context)
           ~~~~~~~~~~~^^^^^^^^^
  File "C:\Users\Скай АВ Тех\AppData\Local\Programs\Python\Python314\Lib\site-packages\django\template\loader_tags.py", line 157, in render
    return compiled_parent._render(context)
           ~~~~~~~~~~~~~~~~~~~~~~~^^^^^^^^^
  File "C:\Users\Скай АВ Тех\AppData\Local\Programs\Python\Python314\Lib\site-packages\django\template\base.py", line 167, in _render
    return self.nodelist.render(context)
           ~~~~~~~~~~~~~~~~~~~~^^^^^^^^^
  File "C:\Users\Скай АВ Тех\AppData\Local\Programs\Python\Python314\Lib\site-packages\django\template\base.py", line 1005, in render
    return SafeString("".join([node.render_annotated(context) for node in self]))
                               ~~~~~~~~~~~~~~~~~~~~~^^^^^^^^^
  File "C:\Users\Скай АВ Тех\AppData\Local\Programs\Python\Python314\Lib\site-packages\django\template\base.py", line 966, in render_annotated
    return self.render(context)
           ~~~~~~~~~~~^^^^^^^^^
  File "C:\Users\Скай АВ Тех\AppData\Local\Programs\Python\Python314\Lib\site-packages\django\template\loader_tags.py", line 157, in render
    return compiled_parent._render(context)
           ~~~~~~~~~~~~~~~~~~~~~~~^^^^^^^^^
  File "C:\Users\Скай АВ Тех\AppData\Local\Programs\Python\Python314\Lib\site-packages\django\template\base.py", line 167, in _render
    return self.nodelist.render(context)
           ~~~~~~~~~~~~~~~~~~~~^^^^^^^^^
  File "C:\Users\Скай АВ Тех\AppData\Local\Programs\Python\Python314\Lib\site-packages\django\template\base.py", line 1005, in render
    return SafeString("".join([node.render_annotated(context) for node in self]))
                               ~~~~~~~~~~~~~~~~~~~~~^^^^^^^^^
  File "C:\Users\Скай АВ Тех\AppData\Local\Programs\Python\Python314\Lib\site-packages\django\template\base.py", line 966, in render_annotated
    return self.render(context)
           ~~~~~~~~~~~^^^^^^^^^
  File "C:\Users\Скай АВ Тех\AppData\Local\Programs\Python\Python314\Lib\site-packages\django\template\loader_tags.py", line 63, in render
    result = block.nodelist.render(context)
  File "C:\Users\Скай АВ Тех\AppData\Local\Programs\Python\Python314\Lib\site-packages\django\template\base.py", line 1005, in render
    return SafeString("".join([node.render_annotated(context) for node in self]))
                               ~~~~~~~~~~~~~~~~~~~~~^^^^^^^^^
  File "C:\Users\Скай АВ Тех\AppData\Local\Programs\Python\Python314\Lib\site-packages\django\template\base.py", line 966, in render_annotated
    return self.render(context)
           ~~~~~~~~~~~^^^^^^^^^
  File "C:\Users\Скай АВ Тех\AppData\Local\Programs\Python\Python314\Lib\site-packages\django\template\loader_tags.py", line 63, in render
    result = block.nodelist.render(context)
  File "C:\Users\Скай АВ Тех\AppData\Local\Programs\Python\Python314\Lib\site-packages\django\template\base.py", line 1005, in render
    return SafeString("".join([node.render_annotated(context) for node in self]))
                               ~~~~~~~~~~~~~~~~~~~~~^^^^^^^^^
  File "C:\Users\Скай АВ Тех\AppData\Local\Programs\Python\Python314\Lib\site-packages\django\template\base.py", line 966, in render_annotated
    return self.render(context)
           ~~~~~~~~~~~^^^^^^^^^
  File "C:\Users\Скай АВ Тех\AppData\Local\Programs\Python\Python314\Lib\site-packages\django\contrib\admin\templatetags\base.py", line 45, in render
    return super().render(context)
           ~~~~~~~~~~~~~~^^^^^^^^^
  File "C:\Users\Скай АВ Тех\AppData\Local\Programs\Python\Python314\Lib\site-packages\django\template\library.py", line 271, in render
    new_context = context.new(_dict)
  File "C:\Users\Скай АВ Тех\AppData\Local\Programs\Python\Python314\Lib\site-packages\django\template\context.py", line 265, in new
    new_context = super().new(values)
  File "C:\Users\Скай АВ Тех\AppData\Local\Programs\Python\Python314\Lib\site-packages\django\template\context.py", line 110, in new
    new_context = copy(self)
  File "C:\Users\Скай АВ Тех\AppData\Local\Programs\Python\Python314\Lib\copy.py", line 82, in copy
    return copier(x)
  File "C:\Users\Скай АВ Тех\AppData\Local\Programs\Python\Python314\Lib\site-packages\django\template\context.py", line 158, in __copy__
    duplicate = super().__copy__()
  File "C:\Users\Скай АВ Тех\AppData\Local\Programs\Python\Python314\Lib\site-packages\django\template\context.py", line 39, in __copy__
    duplicate.dicts = self.dicts[:]
    ^^^^^^^^^^^^^^^
AttributeError: 'super' object has no attribute 'dicts' and no __dict__ for setting new attributes
ERROR 2026-06-04 03:57:24,296 basehttp 15016 8852 "GET /admin/core/asset/add/ HTTP/1.1" 500 437988
INFO 2026-06-04 03:57:40,299 tasks 8868 2235998884672 TEST: 45.88 -> 45.88
INFO 2026-06-04 03:57:40,578 tasks 8868 2235998884672 Price update completed
INFO 2026-06-04 03:58:26,625 basehttp 15016 8852 "GET /admin/login/?next=/admin/core/asset/add/ HTTP/1.1" 302 0
INFO 2026-06-04 03:58:26,978 basehttp 15016 8852 "GET /admin/ HTTP/1.1" 200 10756
INFO 2026-06-04 03:58:27,071 basehttp 15016 8852 "GET /static/admin/css/dashboard.css HTTP/1.1" 200 441
INFO 2026-06-04 03:58:27,245 basehttp 15016 8852 "GET /static/admin/img/icon-addlink.svg HTTP/1.1" 200 331
INFO 2026-06-04 03:58:27,247 basehttp 15016 12788 "GET /static/admin/img/icon-changelink.svg HTTP/1.1" 200 380
INFO 2026-06-04 03:58:27,891 basehttp 15016 12788 "GET /about/ HTTP/1.1" 200 13168
INFO 2026-06-04 03:58:31,105 basehttp 15016 12788 "GET /faq/ HTTP/1.1" 200 13548
INFO 2026-06-04 03:58:31,890 basehttp 15016 12788 "GET /about/ HTTP/1.1" 200 13168
INFO 2026-06-04 03:58:40,320 tasks 8868 2237073553792 TEST: 45.88 -> 45.88
INFO 2026-06-04 03:58:40,627 tasks 8868 2237073553792 Price update completed
ERROR 2026-06-04 03:59:02,153 log 15016 12788 Internal Server Error: /admin/core/asset/add/
Traceback (most recent call last):
  File "C:\Users\Скай АВ Тех\AppData\Local\Programs\Python\Python314\Lib\site-packages\django\core\handlers\exception.py", line 55, in inner
    response = get_response(request)
  File "C:\Users\Скай АВ Тех\AppData\Local\Programs\Python\Python314\Lib\site-packages\django\core\handlers\base.py", line 220, in _get_response
    response = response.render()
  File "C:\Users\Скай АВ Тех\AppData\Local\Programs\Python\Python314\Lib\site-packages\django\template\response.py", line 111, in render
    self.content = self.rendered_content
                   ^^^^^^^^^^^^^^^^^^^^^
  File "C:\Users\Скай АВ Тех\AppData\Local\Programs\Python\Python314\Lib\site-packages\django\template\response.py", line 89, in rendered_content
    return template.render(context, self._request)
           ~~~~~~~~~~~~~~~^^^^^^^^^^^^^^^^^^^^^^^^
  File "C:\Users\Скай АВ Тех\AppData\Local\Programs\Python\Python314\Lib\site-packages\django\template\backends\django.py", line 61, in render
    return self.template.render(context)
           ~~~~~~~~~~~~~~~~~~~~^^^^^^^^^
  File "C:\Users\Скай АВ Тех\AppData\Local\Programs\Python\Python314\Lib\site-packages\django\template\base.py", line 175, in render
    return self._render(context)
           ~~~~~~~~~~~~^^^^^^^^^
  File "C:\Users\Скай АВ Тех\AppData\Local\Programs\Python\Python314\Lib\site-packages\django\template\base.py", line 167, in _render
    return self.nodelist.render(context)
           ~~~~~~~~~~~~~~~~~~~~^^^^^^^^^
  File "C:\Users\Скай АВ Тех\AppData\Local\Programs\Python\Python314\Lib\site-packages\django\template\base.py", line 1005, in render
    return SafeString("".join([node.render_annotated(context) for node in self]))
                               ~~~~~~~~~~~~~~~~~~~~~^^^^^^^^^
  File "C:\Users\Скай АВ Тех\AppData\Local\Programs\Python\Python314\Lib\site-packages\django\template\base.py", line 966, in render_annotated
    return self.render(context)
           ~~~~~~~~~~~^^^^^^^^^
  File "C:\Users\Скай АВ Тех\AppData\Local\Programs\Python\Python314\Lib\site-packages\django\template\loader_tags.py", line 157, in render
    return compiled_parent._render(context)
           ~~~~~~~~~~~~~~~~~~~~~~~^^^^^^^^^
  File "C:\Users\Скай АВ Тех\AppData\Local\Programs\Python\Python314\Lib\site-packages\django\template\base.py", line 167, in _render
    return self.nodelist.render(context)
           ~~~~~~~~~~~~~~~~~~~~^^^^^^^^^
  File "C:\Users\Скай АВ Тех\AppData\Local\Programs\Python\Python314\Lib\site-packages\django\template\base.py", line 1005, in render
    return SafeString("".join([node.render_annotated(context) for node in self]))
                               ~~~~~~~~~~~~~~~~~~~~~^^^^^^^^^
  File "C:\Users\Скай АВ Тех\AppData\Local\Programs\Python\Python314\Lib\site-packages\django\template\base.py", line 966, in render_annotated
    return self.render(context)
           ~~~~~~~~~~~^^^^^^^^^
  File "C:\Users\Скай АВ Тех\AppData\Local\Programs\Python\Python314\Lib\site-packages\django\template\loader_tags.py", line 157, in render
    return compiled_parent._render(context)
           ~~~~~~~~~~~~~~~~~~~~~~~^^^^^^^^^
  File "C:\Users\Скай АВ Тех\AppData\Local\Programs\Python\Python314\Lib\site-packages\django\template\base.py", line 167, in _render
    return self.nodelist.render(context)
           ~~~~~~~~~~~~~~~~~~~~^^^^^^^^^
  File "C:\Users\Скай АВ Тех\AppData\Local\Programs\Python\Python314\Lib\site-packages\django\template\base.py", line 1005, in render
    return SafeString("".join([node.render_annotated(context) for node in self]))
                               ~~~~~~~~~~~~~~~~~~~~~^^^^^^^^^
  File "C:\Users\Скай АВ Тех\AppData\Local\Programs\Python\Python314\Lib\site-packages\django\template\base.py", line 966, in render_annotated
    return self.render(context)
           ~~~~~~~~~~~^^^^^^^^^
  File "C:\Users\Скай АВ Тех\AppData\Local\Programs\Python\Python314\Lib\site-packages\django\template\loader_tags.py", line 63, in render
    result = block.nodelist.render(context)
  File "C:\Users\Скай АВ Тех\AppData\Local\Programs\Python\Python314\Lib\site-packages\django\template\base.py", line 1005, in render
    return SafeString("".join([node.render_annotated(context) for node in self]))
                               ~~~~~~~~~~~~~~~~~~~~~^^^^^^^^^
  File "C:\Users\Скай АВ Тех\AppData\Local\Programs\Python\Python314\Lib\site-packages\django\template\base.py", line 966, in render_annotated
    return self.render(context)
           ~~~~~~~~~~~^^^^^^^^^
  File "C:\Users\Скай АВ Тех\AppData\Local\Programs\Python\Python314\Lib\site-packages\django\template\loader_tags.py", line 63, in render
    result = block.nodelist.render(context)
  File "C:\Users\Скай АВ Тех\AppData\Local\Programs\Python\Python314\Lib\site-packages\django\template\base.py", line 1005, in render
    return SafeString("".join([node.render_annotated(context) for node in self]))
                               ~~~~~~~~~~~~~~~~~~~~~^^^^^^^^^
  File "C:\Users\Скай АВ Тех\AppData\Local\Programs\Python\Python314\Lib\site-packages\django\template\base.py", line 966, in render_annotated
    return self.render(context)
           ~~~~~~~~~~~^^^^^^^^^
  File "C:\Users\Скай АВ Тех\AppData\Local\Programs\Python\Python314\Lib\site-packages\django\contrib\admin\templatetags\base.py", line 45, in render
    return super().render(context)
           ~~~~~~~~~~~~~~^^^^^^^^^
  File "C:\Users\Скай АВ Тех\AppData\Local\Programs\Python\Python314\Lib\site-packages\django\template\library.py", line 271, in render
    new_context = context.new(_dict)
  File "C:\Users\Скай АВ Тех\AppData\Local\Programs\Python\Python314\Lib\site-packages\django\template\context.py", line 265, in new
    new_context = super().new(values)
  File "C:\Users\Скай АВ Тех\AppData\Local\Programs\Python\Python314\Lib\site-packages\django\template\context.py", line 110, in new
    new_context = copy(self)
  File "C:\Users\Скай АВ Тех\AppData\Local\Programs\Python\Python314\Lib\copy.py", line 82, in copy
    return copier(x)
  File "C:\Users\Скай АВ Тех\AppData\Local\Programs\Python\Python314\Lib\site-packages\django\template\context.py", line 158, in __copy__
    duplicate = super().__copy__()
  File "C:\Users\Скай АВ Тех\AppData\Local\Programs\Python\Python314\Lib\site-packages\django\template\context.py", line 39, in __copy__
    duplicate.dicts = self.dicts[:]
    ^^^^^^^^^^^^^^^
AttributeError: 'super' object has no attribute 'dicts' and no __dict__ for setting new attributes
ERROR 2026-06-04 03:59:02,159 basehttp 15016 12788 "GET /admin/core/asset/add/ HTTP/1.1" 500 437660
INFO 2026-06-04 03:59:40,305 tasks 8868 2235998888896 TEST: 45.88 -> 45.88
INFO 2026-06-04 03:59:40,549 tasks 8868 2235998888896 Price update completed
INFO 2026-06-04 04:00:25,930 autoreload 10752 6524 Watching for file changes with StatReloader
INFO 2026-06-04 04:00:40,933 tasks 8868 2235998008256 TEST: 45.88 -> 45.88
INFO 2026-06-04 04:00:41,943 tasks 8868 2235998008256 Price update completed
INFO 2026-06-04 04:01:40,311 tasks 8868 2235998836928 TEST: 45.88 -> 45.88
INFO 2026-06-04 04:01:40,554 tasks 8868 2235998836928 Price update completed
INFO 2026-06-04 04:02:40,317 tasks 8868 2235998885568 TEST: 45.88 -> 45.88
INFO 2026-06-04 04:02:40,575 tasks 8868 2235998885568 Price update completed
INFO 2026-06-04 04:03:40,316 tasks 8868 2237073701696 TEST: 45.88 -> 45.88
INFO 2026-06-04 04:03:40,821 tasks 8868 2237073701696 Price update completed
INFO 2026-06-04 04:04:34,788 basehttp 10752 15804 "GET /admin/clients/ HTTP/1.1" 200 23477
INFO 2026-06-04 04:04:40,310 tasks 8868 2237073748992 TEST: 45.88 -> 45.88
INFO 2026-06-04 04:04:40,570 tasks 8868 2237073748992 Price update completed
INFO 2026-06-04 04:04:55,146 basehttp 10752 15804 "POST /admin/clients/6/block/ HTTP/1.1" 302 0
INFO 2026-06-04 04:04:55,175 basehttp 10752 15804 "GET /admin/clients/ HTTP/1.1" 200 23799
INFO 2026-06-04 04:05:02,296 basehttp 10752 15804 "GET /admin/managers/ HTTP/1.1" 200 11491
INFO 2026-06-04 04:05:06,348 basehttp 10752 15804 "GET /admin/assets/ HTTP/1.1" 200 11468
INFO 2026-06-04 04:05:10,115 basehttp 10752 15804 "GET /admin/margin-call/ HTTP/1.1" 200 29189
INFO 2026-06-04 04:05:11,133 basehttp 10752 15804 "GET /admin/assets/ HTTP/1.1" 200 11468
INFO 2026-06-04 04:05:11,982 basehttp 10752 15804 "GET /admin/margin-call/ HTTP/1.1" 200 29189
INFO 2026-06-04 04:05:18,070 basehttp 10752 15804 "GET /admin/commission/ HTTP/1.1" 200 11123
INFO 2026-06-04 04:05:21,956 basehttp 10752 15804 "GET /admin/logs/ HTTP/1.1" 200 15469
INFO 2026-06-04 04:05:26,734 basehttp 10752 15804 "GET /about/ HTTP/1.1" 200 13168
INFO 2026-06-04 04:05:27,853 basehttp 10752 15804 "GET /admin/logs/ HTTP/1.1" 200 15469
INFO 2026-06-04 04:05:32,660 basehttp 10752 15804 "GET /admin/clients/ HTTP/1.1" 200 23491
INFO 2026-06-04 04:05:40,350 tasks 8868 2237073784384 TEST: 45.88 -> 45.88
INFO 2026-06-04 04:05:40,603 tasks 8868 2237073784384 Price update completed
INFO 2026-06-04 04:05:47,226 basehttp 10752 15804 - Broken pipe from ('127.0.0.1', 55245)
INFO 2026-06-04 04:05:47,628 basehttp 10752 5836 "POST /admin/clients/7/block/ HTTP/1.1" 302 0
INFO 2026-06-04 04:05:47,654 basehttp 10752 5836 "GET /admin/clients/ HTTP/1.1" 200 23814
INFO 2026-06-04 04:05:50,697 basehttp 10752 5836 "POST /admin/clients/7/block/ HTTP/1.1" 302 0
INFO 2026-06-04 04:05:50,727 basehttp 10752 5836 "GET /admin/clients/ HTTP/1.1" 200 23802
INFO 2026-06-04 04:05:55,418 basehttp 10752 5836 "GET /admin/logs/ HTTP/1.1" 200 15469
INFO 2026-06-04 04:05:56,281 basehttp 10752 5836 "GET /about/ HTTP/1.1" 200 13168
INFO 2026-06-04 04:05:56,929 basehttp 10752 5836 "GET /admin/commission/ HTTP/1.1" 200 11123
INFO 2026-06-04 04:05:57,621 basehttp 10752 5836 "GET /admin/margin-call/ HTTP/1.1" 200 29189
INFO 2026-06-04 04:05:58,869 basehttp 10752 5836 "GET /admin/managers/ HTTP/1.1" 200 11491
INFO 2026-06-04 04:06:16,370 autoreload 10752 6524 W:\semestr\mybank\core\admin.py changed, reloading.
INFO 2026-06-04 04:06:18,165 autoreload 9996 14952 Watching for file changes with StatReloader
INFO 2026-06-04 04:06:22,053 basehttp 9996 12864 "GET /admin/managers/ HTTP/1.1" 200 11491
INFO 2026-06-04 04:06:40,358 tasks 8868 2235998623232 TEST: 45.88 -> 45.88
INFO 2026-06-04 04:06:40,604 tasks 8868 2235998623232 Price update completed
ERROR 2026-06-04 04:06:42,280 log 9996 12864 Internal Server Error: /admin/core/asset/add/
Traceback (most recent call last):
  File "C:\Users\Скай АВ Тех\AppData\Local\Programs\Python\Python314\Lib\site-packages\django\core\handlers\exception.py", line 55, in inner
    response = get_response(request)
  File "C:\Users\Скай АВ Тех\AppData\Local\Programs\Python\Python314\Lib\site-packages\django\core\handlers\base.py", line 220, in _get_response
    response = response.render()
  File "C:\Users\Скай АВ Тех\AppData\Local\Programs\Python\Python314\Lib\site-packages\django\template\response.py", line 111, in render
    self.content = self.rendered_content
                   ^^^^^^^^^^^^^^^^^^^^^
  File "C:\Users\Скай АВ Тех\AppData\Local\Programs\Python\Python314\Lib\site-packages\django\template\response.py", line 89, in rendered_content
    return template.render(context, self._request)
           ~~~~~~~~~~~~~~~^^^^^^^^^^^^^^^^^^^^^^^^
  File "C:\Users\Скай АВ Тех\AppData\Local\Programs\Python\Python314\Lib\site-packages\django\template\backends\django.py", line 61, in render
    return self.template.render(context)
           ~~~~~~~~~~~~~~~~~~~~^^^^^^^^^
  File "C:\Users\Скай АВ Тех\AppData\Local\Programs\Python\Python314\Lib\site-packages\django\template\base.py", line 175, in render
    return self._render(context)
           ~~~~~~~~~~~~^^^^^^^^^
  File "C:\Users\Скай АВ Тех\AppData\Local\Programs\Python\Python314\Lib\site-packages\django\template\base.py", line 167, in _render
    return self.nodelist.render(context)
           ~~~~~~~~~~~~~~~~~~~~^^^^^^^^^
  File "C:\Users\Скай АВ Тех\AppData\Local\Programs\Python\Python314\Lib\site-packages\django\template\base.py", line 1005, in render
    return SafeString("".join([node.render_annotated(context) for node in self]))
                               ~~~~~~~~~~~~~~~~~~~~~^^^^^^^^^
  File "C:\Users\Скай АВ Тех\AppData\Local\Programs\Python\Python314\Lib\site-packages\django\template\base.py", line 966, in render_annotated
    return self.render(context)
           ~~~~~~~~~~~^^^^^^^^^
  File "C:\Users\Скай АВ Тех\AppData\Local\Programs\Python\Python314\Lib\site-packages\django\template\loader_tags.py", line 157, in render
    return compiled_parent._render(context)
           ~~~~~~~~~~~~~~~~~~~~~~~^^^^^^^^^
  File "C:\Users\Скай АВ Тех\AppData\Local\Programs\Python\Python314\Lib\site-packages\django\template\base.py", line 167, in _render
    return self.nodelist.render(context)
           ~~~~~~~~~~~~~~~~~~~~^^^^^^^^^
  File "C:\Users\Скай АВ Тех\AppData\Local\Programs\Python\Python314\Lib\site-packages\django\template\base.py", line 1005, in render
    return SafeString("".join([node.render_annotated(context) for node in self]))
                               ~~~~~~~~~~~~~~~~~~~~~^^^^^^^^^
  File "C:\Users\Скай АВ Тех\AppData\Local\Programs\Python\Python314\Lib\site-packages\django\template\base.py", line 966, in render_annotated
    return self.render(context)
           ~~~~~~~~~~~^^^^^^^^^
  File "C:\Users\Скай АВ Тех\AppData\Local\Programs\Python\Python314\Lib\site-packages\django\template\loader_tags.py", line 157, in render
    return compiled_parent._render(context)
           ~~~~~~~~~~~~~~~~~~~~~~~^^^^^^^^^
  File "C:\Users\Скай АВ Тех\AppData\Local\Programs\Python\Python314\Lib\site-packages\django\template\base.py", line 167, in _render
    return self.nodelist.render(context)
           ~~~~~~~~~~~~~~~~~~~~^^^^^^^^^
  File "C:\Users\Скай АВ Тех\AppData\Local\Programs\Python\Python314\Lib\site-packages\django\template\base.py", line 1005, in render
    return SafeString("".join([node.render_annotated(context) for node in self]))
                               ~~~~~~~~~~~~~~~~~~~~~^^^^^^^^^
  File "C:\Users\Скай АВ Тех\AppData\Local\Programs\Python\Python314\Lib\site-packages\django\template\base.py", line 966, in render_annotated
    return self.render(context)
           ~~~~~~~~~~~^^^^^^^^^
  File "C:\Users\Скай АВ Тех\AppData\Local\Programs\Python\Python314\Lib\site-packages\django\template\loader_tags.py", line 63, in render
    result = block.nodelist.render(context)
  File "C:\Users\Скай АВ Тех\AppData\Local\Programs\Python\Python314\Lib\site-packages\django\template\base.py", line 1005, in render
    return SafeString("".join([node.render_annotated(context) for node in self]))
                               ~~~~~~~~~~~~~~~~~~~~~^^^^^^^^^
  File "C:\Users\Скай АВ Тех\AppData\Local\Programs\Python\Python314\Lib\site-packages\django\template\base.py", line 966, in render_annotated
    return self.render(context)
           ~~~~~~~~~~~^^^^^^^^^
  File "C:\Users\Скай АВ Тех\AppData\Local\Programs\Python\Python314\Lib\site-packages\django\template\loader_tags.py", line 63, in render
    result = block.nodelist.render(context)
  File "C:\Users\Скай АВ Тех\AppData\Local\Programs\Python\Python314\Lib\site-packages\django\template\base.py", line 1005, in render
    return SafeString("".join([node.render_annotated(context) for node in self]))
                               ~~~~~~~~~~~~~~~~~~~~~^^^^^^^^^
  File "C:\Users\Скай АВ Тех\AppData\Local\Programs\Python\Python314\Lib\site-packages\django\template\base.py", line 966, in render_annotated
    return self.render(context)
           ~~~~~~~~~~~^^^^^^^^^
  File "C:\Users\Скай АВ Тех\AppData\Local\Programs\Python\Python314\Lib\site-packages\django\contrib\admin\templatetags\base.py", line 45, in render
    return super().render(context)
           ~~~~~~~~~~~~~~^^^^^^^^^
  File "C:\Users\Скай АВ Тех\AppData\Local\Programs\Python\Python314\Lib\site-packages\django\template\library.py", line 271, in render
    new_context = context.new(_dict)
  File "C:\Users\Скай АВ Тех\AppData\Local\Programs\Python\Python314\Lib\site-packages\django\template\context.py", line 265, in new
    new_context = super().new(values)
  File "C:\Users\Скай АВ Тех\AppData\Local\Programs\Python\Python314\Lib\site-packages\django\template\context.py", line 110, in new
    new_context = copy(self)
  File "C:\Users\Скай АВ Тех\AppData\Local\Programs\Python\Python314\Lib\copy.py", line 82, in copy
    return copier(x)
  File "C:\Users\Скай АВ Тех\AppData\Local\Programs\Python\Python314\Lib\site-packages\django\template\context.py", line 158, in __copy__
    duplicate = super().__copy__()
  File "C:\Users\Скай АВ Тех\AppData\Local\Programs\Python\Python314\Lib\site-packages\django\template\context.py", line 39, in __copy__
    duplicate.dicts = self.dicts[:]
    ^^^^^^^^^^^^^^^
AttributeError: 'super' object has no attribute 'dicts' and no __dict__ for setting new attributes
ERROR 2026-06-04 04:06:42,291 basehttp 9996 12864 "GET /admin/core/asset/add/ HTTP/1.1" 500 437660
INFO 2026-06-04 04:07:40,356 tasks 8868 2235998010752 TEST: 45.88 -> 45.88
INFO 2026-06-04 04:07:40,850 tasks 8868 2235998010752 Price update completed
INFO 2026-06-04 04:08:12,907 basehttp 9996 12864 "GET /admin HTTP/1.1" 301 0
INFO 2026-06-04 04:08:13,230 basehttp 9996 6692 "GET /admin/ HTTP/1.1" 200 10756
ERROR 2026-06-04 04:08:20,025 log 9996 6692 Internal Server Error: /admin/core/clientprofile/add/
Traceback (most recent call last):
  File "C:\Users\Скай АВ Тех\AppData\Local\Programs\Python\Python314\Lib\site-packages\django\core\handlers\exception.py", line 55, in inner
    response = get_response(request)
  File "C:\Users\Скай АВ Тех\AppData\Local\Programs\Python\Python314\Lib\site-packages\django\core\handlers\base.py", line 220, in _get_response
    response = response.render()
  File "C:\Users\Скай АВ Тех\AppData\Local\Programs\Python\Python314\Lib\site-packages\django\template\response.py", line 111, in render
    self.content = self.rendered_content
                   ^^^^^^^^^^^^^^^^^^^^^
  File "C:\Users\Скай АВ Тех\AppData\Local\Programs\Python\Python314\Lib\site-packages\django\template\response.py", line 89, in rendered_content
    return template.render(context, self._request)
           ~~~~~~~~~~~~~~~^^^^^^^^^^^^^^^^^^^^^^^^
  File "C:\Users\Скай АВ Тех\AppData\Local\Programs\Python\Python314\Lib\site-packages\django\template\backends\django.py", line 61, in render
    return self.template.render(context)
           ~~~~~~~~~~~~~~~~~~~~^^^^^^^^^
  File "C:\Users\Скай АВ Тех\AppData\Local\Programs\Python\Python314\Lib\site-packages\django\template\base.py", line 175, in render
    return self._render(context)
           ~~~~~~~~~~~~^^^^^^^^^
  File "C:\Users\Скай АВ Тех\AppData\Local\Programs\Python\Python314\Lib\site-packages\django\template\base.py", line 167, in _render
    return self.nodelist.render(context)
           ~~~~~~~~~~~~~~~~~~~~^^^^^^^^^
  File "C:\Users\Скай АВ Тех\AppData\Local\Programs\Python\Python314\Lib\site-packages\django\template\base.py", line 1005, in render
    return SafeString("".join([node.render_annotated(context) for node in self]))
                               ~~~~~~~~~~~~~~~~~~~~~^^^^^^^^^
  File "C:\Users\Скай АВ Тех\AppData\Local\Programs\Python\Python314\Lib\site-packages\django\template\base.py", line 966, in render_annotated
    return self.render(context)
           ~~~~~~~~~~~^^^^^^^^^
  File "C:\Users\Скай АВ Тех\AppData\Local\Programs\Python\Python314\Lib\site-packages\django\template\loader_tags.py", line 157, in render
    return compiled_parent._render(context)
           ~~~~~~~~~~~~~~~~~~~~~~~^^^^^^^^^
  File "C:\Users\Скай АВ Тех\AppData\Local\Programs\Python\Python314\Lib\site-packages\django\template\base.py", line 167, in _render
    return self.nodelist.render(context)
           ~~~~~~~~~~~~~~~~~~~~^^^^^^^^^
  File "C:\Users\Скай АВ Тех\AppData\Local\Programs\Python\Python314\Lib\site-packages\django\template\base.py", line 1005, in render
    return SafeString("".join([node.render_annotated(context) for node in self]))
                               ~~~~~~~~~~~~~~~~~~~~~^^^^^^^^^
  File "C:\Users\Скай АВ Тех\AppData\Local\Programs\Python\Python314\Lib\site-packages\django\template\base.py", line 966, in render_annotated
    return self.render(context)
           ~~~~~~~~~~~^^^^^^^^^
  File "C:\Users\Скай АВ Тех\AppData\Local\Programs\Python\Python314\Lib\site-packages\django\template\loader_tags.py", line 157, in render
    return compiled_parent._render(context)
           ~~~~~~~~~~~~~~~~~~~~~~~^^^^^^^^^
  File "C:\Users\Скай АВ Тех\AppData\Local\Programs\Python\Python314\Lib\site-packages\django\template\base.py", line 167, in _render
    return self.nodelist.render(context)
           ~~~~~~~~~~~~~~~~~~~~^^^^^^^^^
  File "C:\Users\Скай АВ Тех\AppData\Local\Programs\Python\Python314\Lib\site-packages\django\template\base.py", line 1005, in render
    return SafeString("".join([node.render_annotated(context) for node in self]))
                               ~~~~~~~~~~~~~~~~~~~~~^^^^^^^^^
  File "C:\Users\Скай АВ Тех\AppData\Local\Programs\Python\Python314\Lib\site-packages\django\template\base.py", line 966, in render_annotated
    return self.render(context)
           ~~~~~~~~~~~^^^^^^^^^
  File "C:\Users\Скай АВ Тех\AppData\Local\Programs\Python\Python314\Lib\site-packages\django\template\loader_tags.py", line 63, in render
    result = block.nodelist.render(context)
  File "C:\Users\Скай АВ Тех\AppData\Local\Programs\Python\Python314\Lib\site-packages\django\template\base.py", line 1005, in render
    return SafeString("".join([node.render_annotated(context) for node in self]))
                               ~~~~~~~~~~~~~~~~~~~~~^^^^^^^^^
  File "C:\Users\Скай АВ Тех\AppData\Local\Programs\Python\Python314\Lib\site-packages\django\template\base.py", line 966, in render_annotated
    return self.render(context)
           ~~~~~~~~~~~^^^^^^^^^
  File "C:\Users\Скай АВ Тех\AppData\Local\Programs\Python\Python314\Lib\site-packages\django\template\loader_tags.py", line 63, in render
    result = block.nodelist.render(context)
  File "C:\Users\Скай АВ Тех\AppData\Local\Programs\Python\Python314\Lib\site-packages\django\template\base.py", line 1005, in render
    return SafeString("".join([node.render_annotated(context) for node in self]))
                               ~~~~~~~~~~~~~~~~~~~~~^^^^^^^^^
  File "C:\Users\Скай АВ Тех\AppData\Local\Programs\Python\Python314\Lib\site-packages\django\template\base.py", line 966, in render_annotated
    return self.render(context)
           ~~~~~~~~~~~^^^^^^^^^
  File "C:\Users\Скай АВ Тех\AppData\Local\Programs\Python\Python314\Lib\site-packages\django\contrib\admin\templatetags\base.py", line 45, in render
    return super().render(context)
           ~~~~~~~~~~~~~~^^^^^^^^^
  File "C:\Users\Скай АВ Тех\AppData\Local\Programs\Python\Python314\Lib\site-packages\django\template\library.py", line 271, in render
    new_context = context.new(_dict)
  File "C:\Users\Скай АВ Тех\AppData\Local\Programs\Python\Python314\Lib\site-packages\django\template\context.py", line 265, in new
    new_context = super().new(values)
  File "C:\Users\Скай АВ Тех\AppData\Local\Programs\Python\Python314\Lib\site-packages\django\template\context.py", line 110, in new
    new_context = copy(self)
  File "C:\Users\Скай АВ Тех\AppData\Local\Programs\Python\Python314\Lib\copy.py", line 82, in copy
    return copier(x)
  File "C:\Users\Скай АВ Тех\AppData\Local\Programs\Python\Python314\Lib\site-packages\django\template\context.py", line 158, in __copy__
    duplicate = super().__copy__()
  File "C:\Users\Скай АВ Тех\AppData\Local\Programs\Python\Python314\Lib\site-packages\django\template\context.py", line 39, in __copy__
    duplicate.dicts = self.dicts[:]
    ^^^^^^^^^^^^^^^
AttributeError: 'super' object has no attribute 'dicts' and no __dict__ for setting new attributes
ERROR 2026-06-04 04:08:20,030 basehttp 9996 6692 "GET /admin/core/clientprofile/add/ HTTP/1.1" 500 439676
INFO 2026-06-04 04:08:21,608 basehttp 9996 6692 "GET /admin/ HTTP/1.1" 200 10756
ERROR 2026-06-04 04:08:24,333 log 9996 6692 Internal Server Error: /admin/core/clientprofile/
Traceback (most recent call last):
  File "C:\Users\Скай АВ Тех\AppData\Local\Programs\Python\Python314\Lib\site-packages\django\core\handlers\exception.py", line 55, in inner
    response = get_response(request)
  File "C:\Users\Скай АВ Тех\AppData\Local\Programs\Python\Python314\Lib\site-packages\django\core\handlers\base.py", line 220, in _get_response
    response = response.render()
  File "C:\Users\Скай АВ Тех\AppData\Local\Programs\Python\Python314\Lib\site-packages\django\template\response.py", line 111, in render
    self.content = self.rendered_content
                   ^^^^^^^^^^^^^^^^^^^^^
  File "C:\Users\Скай АВ Тех\AppData\Local\Programs\Python\Python314\Lib\site-packages\django\template\response.py", line 89, in rendered_content
    return template.render(context, self._request)
           ~~~~~~~~~~~~~~~^^^^^^^^^^^^^^^^^^^^^^^^
  File "C:\Users\Скай АВ Тех\AppData\Local\Programs\Python\Python314\Lib\site-packages\django\template\backends\django.py", line 61, in render
    return self.template.render(context)
           ~~~~~~~~~~~~~~~~~~~~^^^^^^^^^
  File "C:\Users\Скай АВ Тех\AppData\Local\Programs\Python\Python314\Lib\site-packages\django\template\base.py", line 175, in render
    return self._render(context)
           ~~~~~~~~~~~~^^^^^^^^^
  File "C:\Users\Скай АВ Тех\AppData\Local\Programs\Python\Python314\Lib\site-packages\django\template\base.py", line 167, in _render
    return self.nodelist.render(context)
           ~~~~~~~~~~~~~~~~~~~~^^^^^^^^^
  File "C:\Users\Скай АВ Тех\AppData\Local\Programs\Python\Python314\Lib\site-packages\django\template\base.py", line 1005, in render
    return SafeString("".join([node.render_annotated(context) for node in self]))
                               ~~~~~~~~~~~~~~~~~~~~~^^^^^^^^^
  File "C:\Users\Скай АВ Тех\AppData\Local\Programs\Python\Python314\Lib\site-packages\django\template\base.py", line 966, in render_annotated
    return self.render(context)
           ~~~~~~~~~~~^^^^^^^^^
  File "C:\Users\Скай АВ Тех\AppData\Local\Programs\Python\Python314\Lib\site-packages\django\template\loader_tags.py", line 157, in render
    return compiled_parent._render(context)
           ~~~~~~~~~~~~~~~~~~~~~~~^^^^^^^^^
  File "C:\Users\Скай АВ Тех\AppData\Local\Programs\Python\Python314\Lib\site-packages\django\template\base.py", line 167, in _render
    return self.nodelist.render(context)
           ~~~~~~~~~~~~~~~~~~~~^^^^^^^^^
  File "C:\Users\Скай АВ Тех\AppData\Local\Programs\Python\Python314\Lib\site-packages\django\template\base.py", line 1005, in render
    return SafeString("".join([node.render_annotated(context) for node in self]))
                               ~~~~~~~~~~~~~~~~~~~~~^^^^^^^^^
  File "C:\Users\Скай АВ Тех\AppData\Local\Programs\Python\Python314\Lib\site-packages\django\template\base.py", line 966, in render_annotated
    return self.render(context)
           ~~~~~~~~~~~^^^^^^^^^
  File "C:\Users\Скай АВ Тех\AppData\Local\Programs\Python\Python314\Lib\site-packages\django\template\loader_tags.py", line 157, in render
    return compiled_parent._render(context)
           ~~~~~~~~~~~~~~~~~~~~~~~^^^^^^^^^
  File "C:\Users\Скай АВ Тех\AppData\Local\Programs\Python\Python314\Lib\site-packages\django\template\base.py", line 167, in _render
    return self.nodelist.render(context)
           ~~~~~~~~~~~~~~~~~~~~^^^^^^^^^
  File "C:\Users\Скай АВ Тех\AppData\Local\Programs\Python\Python314\Lib\site-packages\django\template\base.py", line 1005, in render
    return SafeString("".join([node.render_annotated(context) for node in self]))
                               ~~~~~~~~~~~~~~~~~~~~~^^^^^^^^^
  File "C:\Users\Скай АВ Тех\AppData\Local\Programs\Python\Python314\Lib\site-packages\django\template\base.py", line 966, in render_annotated
    return self.render(context)
           ~~~~~~~~~~~^^^^^^^^^
  File "C:\Users\Скай АВ Тех\AppData\Local\Programs\Python\Python314\Lib\site-packages\django\template\loader_tags.py", line 63, in render
    result = block.nodelist.render(context)
  File "C:\Users\Скай АВ Тех\AppData\Local\Programs\Python\Python314\Lib\site-packages\django\template\base.py", line 1005, in render
    return SafeString("".join([node.render_annotated(context) for node in self]))
                               ~~~~~~~~~~~~~~~~~~~~~^^^^^^^^^
  File "C:\Users\Скай АВ Тех\AppData\Local\Programs\Python\Python314\Lib\site-packages\django\template\base.py", line 966, in render_annotated
    return self.render(context)
           ~~~~~~~~~~~^^^^^^^^^
  File "C:\Users\Скай АВ Тех\AppData\Local\Programs\Python\Python314\Lib\site-packages\django\template\loader_tags.py", line 63, in render
    result = block.nodelist.render(context)
  File "C:\Users\Скай АВ Тех\AppData\Local\Programs\Python\Python314\Lib\site-packages\django\template\base.py", line 1005, in render
    return SafeString("".join([node.render_annotated(context) for node in self]))
                               ~~~~~~~~~~~~~~~~~~~~~^^^^^^^^^
  File "C:\Users\Скай АВ Тех\AppData\Local\Programs\Python\Python314\Lib\site-packages\django\template\base.py", line 966, in render_annotated
    return self.render(context)
           ~~~~~~~~~~~^^^^^^^^^
  File "C:\Users\Скай АВ Тех\AppData\Local\Programs\Python\Python314\Lib\site-packages\django\template\loader_tags.py", line 63, in render
    result = block.nodelist.render(context)
  File "C:\Users\Скай АВ Тех\AppData\Local\Programs\Python\Python314\Lib\site-packages\django\template\base.py", line 1005, in render
    return SafeString("".join([node.render_annotated(context) for node in self]))
                               ~~~~~~~~~~~~~~~~~~~~~^^^^^^^^^
  File "C:\Users\Скай АВ Тех\AppData\Local\Programs\Python\Python314\Lib\site-packages\django\template\base.py", line 966, in render_annotated
    return self.render(context)
           ~~~~~~~~~~~^^^^^^^^^
  File "C:\Users\Скай АВ Тех\AppData\Local\Programs\Python\Python314\Lib\site-packages\django\contrib\admin\templatetags\base.py", line 45, in render
    return super().render(context)
           ~~~~~~~~~~~~~~^^^^^^^^^
  File "C:\Users\Скай АВ Тех\AppData\Local\Programs\Python\Python314\Lib\site-packages\django\template\library.py", line 271, in render
    new_context = context.new(_dict)
  File "C:\Users\Скай АВ Тех\AppData\Local\Programs\Python\Python314\Lib\site-packages\django\template\context.py", line 265, in new
    new_context = super().new(values)
  File "C:\Users\Скай АВ Тех\AppData\Local\Programs\Python\Python314\Lib\site-packages\django\template\context.py", line 110, in new
    new_context = copy(self)
  File "C:\Users\Скай АВ Тех\AppData\Local\Programs\Python\Python314\Lib\copy.py", line 82, in copy
    return copier(x)
  File "C:\Users\Скай АВ Тех\AppData\Local\Programs\Python\Python314\Lib\site-packages\django\template\context.py", line 158, in __copy__
    duplicate = super().__copy__()
  File "C:\Users\Скай АВ Тех\AppData\Local\Programs\Python\Python314\Lib\site-packages\django\template\context.py", line 39, in __copy__
    duplicate.dicts = self.dicts[:]
    ^^^^^^^^^^^^^^^
AttributeError: 'super' object has no attribute 'dicts' and no __dict__ for setting new attributes
ERROR 2026-06-04 04:08:24,339 basehttp 9996 6692 "GET /admin/core/clientprofile/ HTTP/1.1" 500 479606
INFO 2026-06-04 04:08:26,944 basehttp 9996 6692 "GET /admin/ HTTP/1.1" 200 10756
ERROR 2026-06-04 04:08:31,688 log 9996 6692 Internal Server Error: /admin/core/asset/add/
Traceback (most recent call last):
  File "C:\Users\Скай АВ Тех\AppData\Local\Programs\Python\Python314\Lib\site-packages\django\core\handlers\exception.py", line 55, in inner
    response = get_response(request)
  File "C:\Users\Скай АВ Тех\AppData\Local\Programs\Python\Python314\Lib\site-packages\django\core\handlers\base.py", line 220, in _get_response
    response = response.render()
  File "C:\Users\Скай АВ Тех\AppData\Local\Programs\Python\Python314\Lib\site-packages\django\template\response.py", line 111, in render
    self.content = self.rendered_content
                   ^^^^^^^^^^^^^^^^^^^^^
  File "C:\Users\Скай АВ Тех\AppData\Local\Programs\Python\Python314\Lib\site-packages\django\template\response.py", line 89, in rendered_content
    return template.render(context, self._request)
           ~~~~~~~~~~~~~~~^^^^^^^^^^^^^^^^^^^^^^^^
  File "C:\Users\Скай АВ Тех\AppData\Local\Programs\Python\Python314\Lib\site-packages\django\template\backends\django.py", line 61, in render
    return self.template.render(context)
           ~~~~~~~~~~~~~~~~~~~~^^^^^^^^^
  File "C:\Users\Скай АВ Тех\AppData\Local\Programs\Python\Python314\Lib\site-packages\django\template\base.py", line 175, in render
    return self._render(context)
           ~~~~~~~~~~~~^^^^^^^^^
  File "C:\Users\Скай АВ Тех\AppData\Local\Programs\Python\Python314\Lib\site-packages\django\template\base.py", line 167, in _render
    return self.nodelist.render(context)
           ~~~~~~~~~~~~~~~~~~~~^^^^^^^^^
  File "C:\Users\Скай АВ Тех\AppData\Local\Programs\Python\Python314\Lib\site-packages\django\template\base.py", line 1005, in render
    return SafeString("".join([node.render_annotated(context) for node in self]))
                               ~~~~~~~~~~~~~~~~~~~~~^^^^^^^^^
  File "C:\Users\Скай АВ Тех\AppData\Local\Programs\Python\Python314\Lib\site-packages\django\template\base.py", line 966, in render_annotated
    return self.render(context)
           ~~~~~~~~~~~^^^^^^^^^
  File "C:\Users\Скай АВ Тех\AppData\Local\Programs\Python\Python314\Lib\site-packages\django\template\loader_tags.py", line 157, in render
    return compiled_parent._render(context)
           ~~~~~~~~~~~~~~~~~~~~~~~^^^^^^^^^
  File "C:\Users\Скай АВ Тех\AppData\Local\Programs\Python\Python314\Lib\site-packages\django\template\base.py", line 167, in _render
    return self.nodelist.render(context)
           ~~~~~~~~~~~~~~~~~~~~^^^^^^^^^
  File "C:\Users\Скай АВ Тех\AppData\Local\Programs\Python\Python314\Lib\site-packages\django\template\base.py", line 1005, in render
    return SafeString("".join([node.render_annotated(context) for node in self]))
                               ~~~~~~~~~~~~~~~~~~~~~^^^^^^^^^
  File "C:\Users\Скай АВ Тех\AppData\Local\Programs\Python\Python314\Lib\site-packages\django\template\base.py", line 966, in render_annotated
    return self.render(context)
           ~~~~~~~~~~~^^^^^^^^^
  File "C:\Users\Скай АВ Тех\AppData\Local\Programs\Python\Python314\Lib\site-packages\django\template\loader_tags.py", line 157, in render
    return compiled_parent._render(context)
           ~~~~~~~~~~~~~~~~~~~~~~~^^^^^^^^^
  File "C:\Users\Скай АВ Тех\AppData\Local\Programs\Python\Python314\Lib\site-packages\django\template\base.py", line 167, in _render
    return self.nodelist.render(context)
           ~~~~~~~~~~~~~~~~~~~~^^^^^^^^^
  File "C:\Users\Скай АВ Тех\AppData\Local\Programs\Python\Python314\Lib\site-packages\django\template\base.py", line 1005, in render
    return SafeString("".join([node.render_annotated(context) for node in self]))
                               ~~~~~~~~~~~~~~~~~~~~~^^^^^^^^^
  File "C:\Users\Скай АВ Тех\AppData\Local\Programs\Python\Python314\Lib\site-packages\django\template\base.py", line 966, in render_annotated
    return self.render(context)
           ~~~~~~~~~~~^^^^^^^^^
  File "C:\Users\Скай АВ Тех\AppData\Local\Programs\Python\Python314\Lib\site-packages\django\template\loader_tags.py", line 63, in render
    result = block.nodelist.render(context)
  File "C:\Users\Скай АВ Тех\AppData\Local\Programs\Python\Python314\Lib\site-packages\django\template\base.py", line 1005, in render
    return SafeString("".join([node.render_annotated(context) for node in self]))
                               ~~~~~~~~~~~~~~~~~~~~~^^^^^^^^^
  File "C:\Users\Скай АВ Тех\AppData\Local\Programs\Python\Python314\Lib\site-packages\django\template\base.py", line 966, in render_annotated
    return self.render(context)
           ~~~~~~~~~~~^^^^^^^^^
  File "C:\Users\Скай АВ Тех\AppData\Local\Programs\Python\Python314\Lib\site-packages\django\template\loader_tags.py", line 63, in render
    result = block.nodelist.render(context)
  File "C:\Users\Скай АВ Тех\AppData\Local\Programs\Python\Python314\Lib\site-packages\django\template\base.py", line 1005, in render
    return SafeString("".join([node.render_annotated(context) for node in self]))
                               ~~~~~~~~~~~~~~~~~~~~~^^^^^^^^^
  File "C:\Users\Скай АВ Тех\AppData\Local\Programs\Python\Python314\Lib\site-packages\django\template\base.py", line 966, in render_annotated
    return self.render(context)
           ~~~~~~~~~~~^^^^^^^^^
  File "C:\Users\Скай АВ Тех\AppData\Local\Programs\Python\Python314\Lib\site-packages\django\contrib\admin\templatetags\base.py", line 45, in render
    return super().render(context)
           ~~~~~~~~~~~~~~^^^^^^^^^
  File "C:\Users\Скай АВ Тех\AppData\Local\Programs\Python\Python314\Lib\site-packages\django\template\library.py", line 271, in render
    new_context = context.new(_dict)
  File "C:\Users\Скай АВ Тех\AppData\Local\Programs\Python\Python314\Lib\site-packages\django\template\context.py", line 265, in new
    new_context = super().new(values)
  File "C:\Users\Скай АВ Тех\AppData\Local\Programs\Python\Python314\Lib\site-packages\django\template\context.py", line 110, in new
    new_context = copy(self)
  File "C:\Users\Скай АВ Тех\AppData\Local\Programs\Python\Python314\Lib\copy.py", line 82, in copy
    return copier(x)
  File "C:\Users\Скай АВ Тех\AppData\Local\Programs\Python\Python314\Lib\site-packages\django\template\context.py", line 158, in __copy__
    duplicate = super().__copy__()
  File "C:\Users\Скай АВ Тех\AppData\Local\Programs\Python\Python314\Lib\site-packages\django\template\context.py", line 39, in __copy__
    duplicate.dicts = self.dicts[:]
    ^^^^^^^^^^^^^^^
AttributeError: 'super' object has no attribute 'dicts' and no __dict__ for setting new attributes
ERROR 2026-06-04 04:08:31,695 basehttp 9996 6692 "GET /admin/core/asset/add/ HTTP/1.1" 500 437817
INFO 2026-06-04 04:08:33,497 basehttp 9996 6692 "GET /admin/ HTTP/1.1" 200 10756
ERROR 2026-06-04 04:08:35,640 log 9996 6692 Internal Server Error: /admin/core/asset/add/
Traceback (most recent call last):
  File "C:\Users\Скай АВ Тех\AppData\Local\Programs\Python\Python314\Lib\site-packages\django\core\handlers\exception.py", line 55, in inner
    response = get_response(request)
  File "C:\Users\Скай АВ Тех\AppData\Local\Programs\Python\Python314\Lib\site-packages\django\core\handlers\base.py", line 220, in _get_response
    response = response.render()
  File "C:\Users\Скай АВ Тех\AppData\Local\Programs\Python\Python314\Lib\site-packages\django\template\response.py", line 111, in render
    self.content = self.rendered_content
                   ^^^^^^^^^^^^^^^^^^^^^
  File "C:\Users\Скай АВ Тех\AppData\Local\Programs\Python\Python314\Lib\site-packages\django\template\response.py", line 89, in rendered_content
    return template.render(context, self._request)
           ~~~~~~~~~~~~~~~^^^^^^^^^^^^^^^^^^^^^^^^
  File "C:\Users\Скай АВ Тех\AppData\Local\Programs\Python\Python314\Lib\site-packages\django\template\backends\django.py", line 61, in render
    return self.template.render(context)
           ~~~~~~~~~~~~~~~~~~~~^^^^^^^^^
  File "C:\Users\Скай АВ Тех\AppData\Local\Programs\Python\Python314\Lib\site-packages\django\template\base.py", line 175, in render
    return self._render(context)
           ~~~~~~~~~~~~^^^^^^^^^
  File "C:\Users\Скай АВ Тех\AppData\Local\Programs\Python\Python314\Lib\site-packages\django\template\base.py", line 167, in _render
    return self.nodelist.render(context)
           ~~~~~~~~~~~~~~~~~~~~^^^^^^^^^
  File "C:\Users\Скай АВ Тех\AppData\Local\Programs\Python\Python314\Lib\site-packages\django\template\base.py", line 1005, in render
    return SafeString("".join([node.render_annotated(context) for node in self]))
                               ~~~~~~~~~~~~~~~~~~~~~^^^^^^^^^
  File "C:\Users\Скай АВ Тех\AppData\Local\Programs\Python\Python314\Lib\site-packages\django\template\base.py", line 966, in render_annotated
    return self.render(context)
           ~~~~~~~~~~~^^^^^^^^^
  File "C:\Users\Скай АВ Тех\AppData\Local\Programs\Python\Python314\Lib\site-packages\django\template\loader_tags.py", line 157, in render
    return compiled_parent._render(context)
           ~~~~~~~~~~~~~~~~~~~~~~~^^^^^^^^^
  File "C:\Users\Скай АВ Тех\AppData\Local\Programs\Python\Python314\Lib\site-packages\django\template\base.py", line 167, in _render
    return self.nodelist.render(context)
           ~~~~~~~~~~~~~~~~~~~~^^^^^^^^^
  File "C:\Users\Скай АВ Тех\AppData\Local\Programs\Python\Python314\Lib\site-packages\django\template\base.py", line 1005, in render
    return SafeString("".join([node.render_annotated(context) for node in self]))
                               ~~~~~~~~~~~~~~~~~~~~~^^^^^^^^^
  File "C:\Users\Скай АВ Тех\AppData\Local\Programs\Python\Python314\Lib\site-packages\django\template\base.py", line 966, in render_annotated
    return self.render(context)
           ~~~~~~~~~~~^^^^^^^^^
  File "C:\Users\Скай АВ Тех\AppData\Local\Programs\Python\Python314\Lib\site-packages\django\template\loader_tags.py", line 157, in render
    return compiled_parent._render(context)
           ~~~~~~~~~~~~~~~~~~~~~~~^^^^^^^^^
  File "C:\Users\Скай АВ Тех\AppData\Local\Programs\Python\Python314\Lib\site-packages\django\template\base.py", line 167, in _render
    return self.nodelist.render(context)
           ~~~~~~~~~~~~~~~~~~~~^^^^^^^^^
  File "C:\Users\Скай АВ Тех\AppData\Local\Programs\Python\Python314\Lib\site-packages\django\template\base.py", line 1005, in render
    return SafeString("".join([node.render_annotated(context) for node in self]))
                               ~~~~~~~~~~~~~~~~~~~~~^^^^^^^^^
  File "C:\Users\Скай АВ Тех\AppData\Local\Programs\Python\Python314\Lib\site-packages\django\template\base.py", line 966, in render_annotated
    return self.render(context)
           ~~~~~~~~~~~^^^^^^^^^
  File "C:\Users\Скай АВ Тех\AppData\Local\Programs\Python\Python314\Lib\site-packages\django\template\loader_tags.py", line 63, in render
    result = block.nodelist.render(context)
  File "C:\Users\Скай АВ Тех\AppData\Local\Programs\Python\Python314\Lib\site-packages\django\template\base.py", line 1005, in render
    return SafeString("".join([node.render_annotated(context) for node in self]))
                               ~~~~~~~~~~~~~~~~~~~~~^^^^^^^^^
  File "C:\Users\Скай АВ Тех\AppData\Local\Programs\Python\Python314\Lib\site-packages\django\template\base.py", line 966, in render_annotated
    return self.render(context)
           ~~~~~~~~~~~^^^^^^^^^
  File "C:\Users\Скай АВ Тех\AppData\Local\Programs\Python\Python314\Lib\site-packages\django\template\loader_tags.py", line 63, in render
    result = block.nodelist.render(context)
  File "C:\Users\Скай АВ Тех\AppData\Local\Programs\Python\Python314\Lib\site-packages\django\template\base.py", line 1005, in render
    return SafeString("".join([node.render_annotated(context) for node in self]))
                               ~~~~~~~~~~~~~~~~~~~~~^^^^^^^^^
  File "C:\Users\Скай АВ Тех\AppData\Local\Programs\Python\Python314\Lib\site-packages\django\template\base.py", line 966, in render_annotated
    return self.render(context)
           ~~~~~~~~~~~^^^^^^^^^
  File "C:\Users\Скай АВ Тех\AppData\Local\Programs\Python\Python314\Lib\site-packages\django\contrib\admin\templatetags\base.py", line 45, in render
    return super().render(context)
           ~~~~~~~~~~~~~~^^^^^^^^^
  File "C:\Users\Скай АВ Тех\AppData\Local\Programs\Python\Python314\Lib\site-packages\django\template\library.py", line 271, in render
    new_context = context.new(_dict)
  File "C:\Users\Скай АВ Тех\AppData\Local\Programs\Python\Python314\Lib\site-packages\django\template\context.py", line 265, in new
    new_context = super().new(values)
  File "C:\Users\Скай АВ Тех\AppData\Local\Programs\Python\Python314\Lib\site-packages\django\template\context.py", line 110, in new
    new_context = copy(self)
  File "C:\Users\Скай АВ Тех\AppData\Local\Programs\Python\Python314\Lib\copy.py", line 82, in copy
    return copier(x)
  File "C:\Users\Скай АВ Тех\AppData\Local\Programs\Python\Python314\Lib\site-packages\django\template\context.py", line 158, in __copy__
    duplicate = super().__copy__()
  File "C:\Users\Скай АВ Тех\AppData\Local\Programs\Python\Python314\Lib\site-packages\django\template\context.py", line 39, in __copy__
    duplicate.dicts = self.dicts[:]
    ^^^^^^^^^^^^^^^
AttributeError: 'super' object has no attribute 'dicts' and no __dict__ for setting new attributes
ERROR 2026-06-04 04:08:35,645 basehttp 9996 6692 "GET /admin/core/asset/add/ HTTP/1.1" 500 437817
INFO 2026-06-04 04:08:38,000 basehttp 9996 6692 "GET /admin/ HTTP/1.1" 200 10756
INFO 2026-06-04 04:08:40,350 tasks 8868 2237073848448 TEST: 45.88 -> 45.88
INFO 2026-06-04 04:08:40,610 tasks 8868 2237073848448 Price update completed
INFO 2026-06-04 04:09:40,431 tasks 8868 2237073878336 BTC-USD: 68000.0 -> 63137.56
INFO 2026-06-04 04:09:40,859 tasks 8868 2237073878336 GC=F: 2350.0 -> 4475.40
INFO 2026-06-04 04:09:41,254 tasks 8868 2237073878336 TEST: 45.88 -> 45.88
INFO 2026-06-04 04:09:41,664 tasks 8868 2237073878336 ^DJI: 39000.0 -> 50687.07
INFO 2026-06-04 04:09:42,046 tasks 8868 2237073878336 ^GSPC: 5200.0 -> 7553.68
INFO 2026-06-04 04:09:42,459 tasks 8868 2237073878336 ^IXIC: 16400.0 -> 26853.98
INFO 2026-06-04 04:09:42,720 tasks 8868 2237073878336 Price update completed
INFO 2026-06-04 04:10:05,330 autoreload 9996 14952 W:\semestr\mybank\core\views.py changed, reloading.
INFO 2026-06-04 04:10:07,402 autoreload 12020 1692 Watching for file changes with StatReloader
INFO 2026-06-04 04:10:32,449 basehttp 12020 12412 "GET / HTTP/1.1" 200 15513
INFO 2026-06-04 04:10:40,414 tasks 8868 2235998796480 BTC-USD: 63137.56 -> 63149.08
INFO 2026-06-04 04:10:40,779 tasks 8868 2235998796480 GC=F: 4475.4 -> 4471.50
INFO 2026-06-04 04:10:41,117 tasks 8868 2235998796480 TEST: 45.88 -> 45.88
INFO 2026-06-04 04:10:41,483 tasks 8868 2235998796480 ^DJI: 50687.07 -> 50687.07
INFO 2026-06-04 04:10:41,833 tasks 8868 2235998796480 ^GSPC: 7553.68 -> 7553.68
INFO 2026-06-04 04:10:42,171 tasks 8868 2235998796480 ^IXIC: 26853.98 -> 26853.98
INFO 2026-06-04 04:10:42,424 tasks 8868 2235998796480 Price update completed
INFO 2026-06-04 04:11:40,349 tasks 8868 2237074015424 BTC-USD: 63149.08 -> 63167.05
INFO 2026-06-04 04:11:40,734 tasks 8868 2237074015424 GC=F: 4471.5 -> 4477.70
INFO 2026-06-04 04:11:41,109 tasks 8868 2237074015424 TEST: 45.88 -> 45.88
INFO 2026-06-04 04:11:41,432 tasks 8868 2237074015424 ^DJI: 50687.07 -> 50687.07
INFO 2026-06-04 04:11:41,753 tasks 8868 2237074015424 ^GSPC: 7553.68 -> 7553.68
INFO 2026-06-04 04:11:42,076 tasks 8868 2237074015424 ^IXIC: 26853.98 -> 26853.98
INFO 2026-06-04 04:11:42,334 tasks 8868 2237074015424 Price update completed
INFO 2026-06-04 04:12:02,697 basehttp 12020 12412 "GET / HTTP/1.1" 200 15436
INFO 2026-06-04 04:12:40,401 tasks 8868 2237073546496 BTC-USD: 63167.05 -> 63057.45
INFO 2026-06-04 04:12:40,749 tasks 8868 2237073546496 GC=F: 4477.7 -> 4478.00
INFO 2026-06-04 04:12:41,078 tasks 8868 2237073546496 TEST: 45.88 -> 45.88
INFO 2026-06-04 04:12:41,407 tasks 8868 2237073546496 ^DJI: 50687.07 -> 50687.07
INFO 2026-06-04 04:12:41,768 tasks 8868 2237073546496 ^GSPC: 7553.68 -> 7553.68
INFO 2026-06-04 04:12:42,110 tasks 8868 2237073546496 ^IXIC: 26853.98 -> 26853.98
INFO 2026-06-04 04:12:42,447 autoreload 12020 1692 W:\semestr\mybank\mybank\settings.py changed, reloading.
INFO 2026-06-04 04:12:42,513 tasks 8868 2237073546496 Price update completed
INFO 2026-06-04 04:12:44,204 autoreload 15852 14428 Watching for file changes with StatReloader
INFO 2026-06-04 04:12:44,782 basehttp 15852 16088 "GET / HTTP/1.1" 200 15436
INFO 2026-06-04 04:12:47,393 basehttp 15852 16088 "GET / HTTP/1.1" 200 15436
INFO 2026-06-04 04:12:48,317 basehttp 15852 16088 "GET / HTTP/1.1" 200 15436
INFO 2026-06-04 04:12:49,068 basehttp 15852 16088 "GET / HTTP/1.1" 200 15436
INFO 2026-06-04 04:12:49,798 basehttp 15852 16088 "GET / HTTP/1.1" 200 15436
INFO 2026-06-04 04:12:50,535 basehttp 15852 16088 "GET / HTTP/1.1" 200 15436
INFO 2026-06-04 04:12:51,240 basehttp 15852 16088 "GET / HTTP/1.1" 200 15436
INFO 2026-06-04 04:12:51,983 basehttp 15852 16088 "GET / HTTP/1.1" 200 15436
INFO 2026-06-04 04:12:52,823 basehttp 15852 16088 "GET / HTTP/1.1" 200 15436
INFO 2026-06-04 04:12:53,634 basehttp 15852 16088 "GET / HTTP/1.1" 200 15436
INFO 2026-06-04 04:12:54,296 basehttp 15852 16088 "GET / HTTP/1.1" 200 15436
INFO 2026-06-04 04:12:54,910 basehttp 15852 16088 "GET / HTTP/1.1" 200 15436
INFO 2026-06-04 04:12:55,547 basehttp 15852 16088 "GET / HTTP/1.1" 200 15436
INFO 2026-06-04 04:12:56,184 basehttp 15852 16088 "GET / HTTP/1.1" 200 15436
INFO 2026-06-04 04:12:56,841 basehttp 15852 16088 "GET / HTTP/1.1" 200 15436
INFO 2026-06-04 04:12:57,492 basehttp 15852 16088 "GET / HTTP/1.1" 200 15436
INFO 2026-06-04 04:12:58,456 basehttp 15852 16088 "GET / HTTP/1.1" 200 15436
INFO 2026-06-04 04:12:59,244 basehttp 15852 16088 "GET / HTTP/1.1" 200 15436
INFO 2026-06-04 04:12:59,893 basehttp 15852 16088 "GET / HTTP/1.1" 200 15436
INFO 2026-06-04 04:13:00,557 basehttp 15852 16088 "GET / HTTP/1.1" 200 15436
INFO 2026-06-04 04:13:01,242 basehttp 15852 16088 "GET / HTTP/1.1" 200 15436
INFO 2026-06-04 04:13:01,910 basehttp 15852 16088 "GET / HTTP/1.1" 200 15436
INFO 2026-06-04 04:13:02,600 basehttp 15852 16088 "GET / HTTP/1.1" 200 15436
INFO 2026-06-04 04:13:37,817 autoreload 15852 14428 W:\semestr\mybank\mybank\settings.py changed, reloading.
INFO 2026-06-04 04:13:39,531 autoreload 6664 11452 Watching for file changes with StatReloader
INFO 2026-06-04 04:13:40,375 tasks 8868 2237074027008 BTC-USD: 63057.45 -> 63139.57
INFO 2026-06-04 04:13:40,739 tasks 8868 2237074027008 GC=F: 4478.0 -> 4482.60
INFO 2026-06-04 04:13:41,076 tasks 8868 2237074027008 TEST: 45.88 -> 45.88
INFO 2026-06-04 04:13:41,460 tasks 8868 2237074027008 ^DJI: 50687.07 -> 50687.07
INFO 2026-06-04 04:13:41,773 tasks 8868 2237074027008 ^GSPC: 7553.68 -> 7553.68
INFO 2026-06-04 04:13:42,113 tasks 8868 2237074027008 ^IXIC: 26853.98 -> 26853.98
INFO 2026-06-04 04:13:42,374 tasks 8868 2237074027008 Price update completed
INFO 2026-06-04 04:13:47,223 basehttp 6664 6672 "GET / HTTP/1.1" 200 15436
INFO 2026-06-04 04:14:20,436 autoreload 6664 11452 W:\semestr\mybank\mybank\settings.py changed, reloading.
INFO 2026-06-04 04:14:22,041 autoreload 14160 14180 Watching for file changes with StatReloader
INFO 2026-06-04 04:14:40,375 tasks 8868 2237073688640 BTC-USD: 63139.57 -> 63045.99
INFO 2026-06-04 04:14:40,722 tasks 8868 2237073688640 GC=F: 4482.6 -> 4480.40
INFO 2026-06-04 04:14:41,044 tasks 8868 2237073688640 TEST: 45.88 -> 45.88
INFO 2026-06-04 04:14:41,361 tasks 8868 2237073688640 ^DJI: 50687.07 -> 50687.07
INFO 2026-06-04 04:14:41,693 tasks 8868 2237073688640 ^GSPC: 7553.68 -> 7553.68
INFO 2026-06-04 04:14:42,031 tasks 8868 2237073688640 ^IXIC: 26853.98 -> 26853.98
INFO 2026-06-04 04:14:42,273 tasks 8868 2237073688640 Price update completed
INFO 2026-06-04 04:14:51,811 tasks 476 8928 BTC-USD: 63045.99 -> 63039.00
INFO 2026-06-04 04:14:52,246 tasks 476 8928 GC=F: 4480.4 -> 4479.90
INFO 2026-06-04 04:14:52,600 tasks 476 8928 TEST: 45.88 -> 45.88
INFO 2026-06-04 04:14:52,983 tasks 476 8928 ^DJI: 50687.07 -> 50687.07
INFO 2026-06-04 04:14:53,303 tasks 476 8928 ^GSPC: 7553.68 -> 7553.68
INFO 2026-06-04 04:14:53,642 tasks 476 8928 ^IXIC: 26853.98 -> 26853.98
INFO 2026-06-04 04:14:53,897 tasks 476 8928 Price update completed
INFO 2026-06-04 04:15:34,729 autoreload 14160 14180 W:\semestr\mybank\core\views.py changed, reloading.
INFO 2026-06-04 04:15:36,643 autoreload 14208 9212 Watching for file changes with StatReloader
INFO 2026-06-04 04:15:40,404 tasks 8868 2237074193600 BTC-USD: 63039.0 -> 62975.64
INFO 2026-06-04 04:15:40,766 tasks 8868 2237074193600 GC=F: 4479.9 -> 4483.50
INFO 2026-06-04 04:15:41,096 tasks 8868 2237074193600 TEST: 45.88 -> 45.88
INFO 2026-06-04 04:15:41,434 tasks 8868 2237074193600 ^DJI: 50687.07 -> 50687.07
INFO 2026-06-04 04:15:41,775 tasks 8868 2237074193600 ^GSPC: 7553.68 -> 7553.68
INFO 2026-06-04 04:15:42,096 tasks 8868 2237074193600 ^IXIC: 26853.98 -> 26853.98
INFO 2026-06-04 04:15:42,321 tasks 8868 2237074193600 Price update completed
INFO 2026-06-04 04:16:06,827 autoreload 14208 9212 W:\semestr\mybank\mybank\settings.py changed, reloading.
INFO 2026-06-04 04:16:08,340 autoreload 10232 10612 Watching for file changes with StatReloader
INFO 2026-06-04 04:16:18,484 basehttp 10232 7360 "GET / HTTP/1.1" 200 15440
INFO 2026-06-04 04:16:22,825 basehttp 10232 7360 "GET / HTTP/1.1" 200 15440
INFO 2026-06-04 04:16:23,934 basehttp 10232 7360 "GET / HTTP/1.1" 200 15440
INFO 2026-06-04 04:16:24,969 basehttp 10232 7360 "GET / HTTP/1.1" 200 15440
INFO 2026-06-04 04:16:25,876 basehttp 10232 7360 "GET / HTTP/1.1" 200 15440
INFO 2026-06-04 04:16:26,940 basehttp 10232 7360 "GET / HTTP/1.1" 200 15440
INFO 2026-06-04 04:16:27,838 basehttp 10232 7360 "GET / HTTP/1.1" 200 15440
INFO 2026-06-04 04:16:28,869 basehttp 10232 7360 "GET / HTTP/1.1" 200 15440
INFO 2026-06-04 04:16:29,717 basehttp 10232 7360 "GET / HTTP/1.1" 200 15440
INFO 2026-06-04 04:16:30,550 basehttp 10232 7360 "GET / HTTP/1.1" 200 15440
INFO 2026-06-04 04:16:31,354 basehttp 10232 7360 "GET / HTTP/1.1" 200 15440
INFO 2026-06-04 04:16:32,333 basehttp 10232 7360 "GET / HTTP/1.1" 200 15440
INFO 2026-06-04 04:16:33,216 basehttp 10232 7360 "GET / HTTP/1.1" 200 15440
INFO 2026-06-04 04:16:34,189 basehttp 10232 7360 "GET / HTTP/1.1" 200 15440
INFO 2026-06-04 04:16:35,146 basehttp 10232 7360 "GET / HTTP/1.1" 200 15440
INFO 2026-06-04 04:16:36,178 basehttp 10232 7360 "GET / HTTP/1.1" 200 15440
INFO 2026-06-04 04:16:37,064 basehttp 10232 7360 "GET / HTTP/1.1" 200 15440
INFO 2026-06-04 04:16:38,040 basehttp 10232 7360 "GET / HTTP/1.1" 200 15440
INFO 2026-06-04 04:16:38,906 basehttp 10232 7360 "GET / HTTP/1.1" 200 15440
INFO 2026-06-04 04:16:40,377 tasks 8868 2237074061568 BTC-USD: 62975.64 -> 62953.98
INFO 2026-06-04 04:16:40,766 tasks 8868 2237074061568 GC=F: 4483.5 -> 4479.80
INFO 2026-06-04 04:16:41,179 tasks 8868 2237074061568 TEST: 45.88 -> 45.88
INFO 2026-06-04 04:16:41,530 tasks 8868 2237074061568 ^DJI: 50687.07 -> 50687.07
INFO 2026-06-04 04:16:41,870 tasks 8868 2237074061568 ^GSPC: 7553.68 -> 7553.68
INFO 2026-06-04 04:16:42,201 tasks 8868 2237074061568 ^IXIC: 26853.98 -> 26853.98
INFO 2026-06-04 04:16:42,444 tasks 8868 2237074061568 Price update completed
INFO 2026-06-04 04:17:22,459 basehttp 10232 7360 "GET /admin/assets/ HTTP/1.1" 200 16263
INFO 2026-06-04 04:17:35,690 basehttp 10232 7360 "GET /admin/clients/ HTTP/1.1" 200 23491
INFO 2026-06-04 04:17:37,658 basehttp 10232 7360 "GET /admin/assets/ HTTP/1.1" 200 16263
INFO 2026-06-04 04:17:38,824 basehttp 10232 7360 "GET /about/ HTTP/1.1" 200 13168
INFO 2026-06-04 04:17:39,720 basehttp 10232 7360 "GET /admin/logs/ HTTP/1.1" 200 15469
INFO 2026-06-04 04:17:40,379 tasks 8868 2237074024320 BTC-USD: 62953.98 -> 62845.25
INFO 2026-06-04 04:17:40,742 tasks 8868 2237074024320 GC=F: 4479.8 -> 4481.80
INFO 2026-06-04 04:17:41,110 tasks 8868 2237074024320 TEST: 45.88 -> 45.88
INFO 2026-06-04 04:17:41,466 tasks 8868 2237074024320 ^DJI: 50687.07 -> 50687.07
INFO 2026-06-04 04:17:41,797 tasks 8868 2237074024320 ^GSPC: 7553.68 -> 7553.68
INFO 2026-06-04 04:17:42,145 tasks 8868 2237074024320 ^IXIC: 26853.98 -> 26853.98
INFO 2026-06-04 04:17:42,390 tasks 8868 2237074024320 Price update completed
INFO 2026-06-04 04:17:51,370 basehttp 10232 7360 "GET / HTTP/1.1" 200 15440
INFO 2026-06-04 04:18:28,180 basehttp 10232 7360 "GET / HTTP/1.1" 200 16103
INFO 2026-06-04 04:18:40,374 tasks 8868 2237074278208 BTC-USD: 62845.25 -> 62934.94
INFO 2026-06-04 04:18:40,755 tasks 8868 2237074278208 GC=F: 4481.8 -> 4481.20
INFO 2026-06-04 04:18:41,130 tasks 8868 2237074278208 TEST: 45.88 -> 45.88
INFO 2026-06-04 04:18:41,467 tasks 8868 2237074278208 ^DJI: 50687.07 -> 50687.07
INFO 2026-06-04 04:18:41,782 tasks 8868 2237074278208 ^GSPC: 7553.68 -> 7553.68
INFO 2026-06-04 04:18:42,114 tasks 8868 2237074278208 ^IXIC: 26853.98 -> 26853.98
INFO 2026-06-04 04:18:42,360 tasks 8868 2237074278208 Price update completed
INFO 2026-06-04 04:19:40,145 basehttp 10232 8852 "GET / HTTP/1.1" 200 16334
INFO 2026-06-04 04:19:40,429 tasks 8868 2237074182464 BTC-USD: 62934.94 -> 62751.30
INFO 2026-06-04 04:19:40,813 tasks 8868 2237074182464 GC=F: 4481.2 -> 4486.20
INFO 2026-06-04 04:19:41,135 tasks 8868 2237074182464 TEST: 45.88 -> 45.88
INFO 2026-06-04 04:19:41,458 tasks 8868 2237074182464 ^DJI: 50687.07 -> 50687.07
INFO 2026-06-04 04:19:41,796 tasks 8868 2237074182464 ^GSPC: 7553.68 -> 7553.68
INFO 2026-06-04 04:19:42,120 tasks 8868 2237074182464 ^IXIC: 26853.98 -> 26853.98
INFO 2026-06-04 04:19:42,359 tasks 8868 2237074182464 Price update completed
INFO 2026-06-04 04:19:56,059 basehttp 10232 8852 "GET / HTTP/1.1" 200 12720
INFO 2026-06-04 04:20:40,416 tasks 8868 2237074280640 BTC-USD: 62751.3 -> 62879.61
INFO 2026-06-04 04:20:40,782 tasks 8868 2237074280640 GC=F: 4486.2 -> 4487.40
INFO 2026-06-04 04:20:41,104 tasks 8868 2237074280640 TEST: 45.88 -> 45.88
INFO 2026-06-04 04:20:41,424 tasks 8868 2237074280640 ^DJI: 50687.07 -> 50687.07
INFO 2026-06-04 04:20:41,819 tasks 8868 2237074280640 ^GSPC: 7553.68 -> 7553.68
INFO 2026-06-04 04:20:42,148 tasks 8868 2237074280640 ^IXIC: 26853.98 -> 26853.98
INFO 2026-06-04 04:20:42,384 tasks 8868 2237074280640 Price update completed
INFO 2026-06-04 04:21:00,155 basehttp 10232 8852 "GET / HTTP/1.1" 200 16301
INFO 2026-06-04 04:21:40,415 tasks 8868 2237074421760 BTC-USD: 62879.61 -> 62749.70
INFO 2026-06-04 04:21:41,055 tasks 8868 2237074421760 GC=F: 4487.4 -> 4489.70
INFO 2026-06-04 04:21:41,453 tasks 8868 2237074421760 TEST: 45.88 -> 45.88
INFO 2026-06-04 04:21:41,784 tasks 8868 2237074421760 ^DJI: 50687.07 -> 50687.07
INFO 2026-06-04 04:21:42,120 tasks 8868 2237074421760 ^GSPC: 7553.68 -> 7553.68
INFO 2026-06-04 04:21:42,466 tasks 8868 2237074421760 ^IXIC: 26853.98 -> 26853.98
INFO 2026-06-04 04:21:42,752 tasks 8868 2237074421760 Price update completed
INFO 2026-06-04 04:22:19,637 basehttp 10232 8852 "GET / HTTP/1.1" 200 16291
INFO 2026-06-04 04:22:40,421 tasks 8868 2237074188544 BTC-USD: 62749.7 -> 62662.55
INFO 2026-06-04 04:22:40,791 tasks 8868 2237074188544 GC=F: 4489.7 -> 4491.90
INFO 2026-06-04 04:22:41,118 tasks 8868 2237074188544 TEST: 45.88 -> 45.88
INFO 2026-06-04 04:22:41,491 tasks 8868 2237074188544 ^DJI: 50687.07 -> 50687.07
INFO 2026-06-04 04:22:41,899 tasks 8868 2237074188544 ^GSPC: 7553.68 -> 7553.68
INFO 2026-06-04 04:22:42,291 tasks 8868 2237074188544 ^IXIC: 26853.98 -> 26853.98
INFO 2026-06-04 04:22:42,532 tasks 8868 2237074188544 Price update completed
INFO 2026-06-04 04:23:09,670 basehttp 10232 8852 "GET / HTTP/1.1" 200 12720
INFO 2026-06-04 04:23:40,411 tasks 8868 2237074361984 BTC-USD: 62662.55 -> 62593.00
INFO 2026-06-04 04:23:41,047 tasks 8868 2237074361984 GC=F: 4491.9 -> 4492.10
INFO 2026-06-04 04:23:41,450 tasks 8868 2237074361984 TEST: 45.88 -> 45.88
INFO 2026-06-04 04:23:41,777 tasks 8868 2237074361984 ^DJI: 50687.07 -> 50687.07
INFO 2026-06-04 04:23:42,120 tasks 8868 2237074361984 ^GSPC: 7553.68 -> 7553.68
INFO 2026-06-04 04:23:42,511 tasks 8868 2237074361984 ^IXIC: 26853.98 -> 26853.98
INFO 2026-06-04 04:23:42,756 tasks 8868 2237074361984 Price update completed
INFO 2026-06-04 04:24:40,424 tasks 8868 2235998141184 BTC-USD: 62593.0 -> 62598.47
INFO 2026-06-04 04:24:40,871 tasks 8868 2235998141184 GC=F: 4492.1 -> 4491.50
INFO 2026-06-04 04:24:41,268 tasks 8868 2235998141184 TEST: 45.88 -> 45.88
INFO 2026-06-04 04:24:41,614 tasks 8868 2235998141184 ^DJI: 50687.07 -> 50687.07
INFO 2026-06-04 04:24:41,946 tasks 8868 2235998141184 ^GSPC: 7553.68 -> 7553.68
INFO 2026-06-04 04:24:42,283 tasks 8868 2235998141184 ^IXIC: 26853.98 -> 26853.98
INFO 2026-06-04 04:24:42,544 tasks 8868 2235998141184 Price update completed
INFO 2026-06-04 04:25:40,411 tasks 8868 2237074363712 BTC-USD: 62598.47 -> 62699.02
INFO 2026-06-04 04:25:41,042 tasks 8868 2237074363712 GC=F: 4491.5 -> 4487.40
INFO 2026-06-04 04:25:41,373 tasks 8868 2237074363712 TEST: 45.88 -> 45.88
INFO 2026-06-04 04:25:41,711 tasks 8868 2237074363712 ^DJI: 50687.07 -> 50687.07
INFO 2026-06-04 04:25:42,020 tasks 8868 2237074363712 ^GSPC: 7553.68 -> 7553.68
INFO 2026-06-04 04:25:42,331 tasks 8868 2237074363712 ^IXIC: 26853.98 -> 26853.98
INFO 2026-06-04 04:25:42,568 tasks 8868 2237074363712 Price update completed
INFO 2026-06-04 04:26:40,449 tasks 8868 2235994088704 BTC-USD: 62699.02 -> 62855.30
INFO 2026-06-04 04:26:40,824 tasks 8868 2235994088704 GC=F: 4487.4 -> 4487.40
INFO 2026-06-04 04:26:41,156 tasks 8868 2235994088704 TEST: 45.88 -> 45.88
INFO 2026-06-04 04:26:41,513 tasks 8868 2235994088704 ^DJI: 50687.07 -> 50687.07
INFO 2026-06-04 04:26:41,815 tasks 8868 2235994088704 ^GSPC: 7553.68 -> 7553.68
INFO 2026-06-04 04:26:42,153 tasks 8868 2235994088704 ^IXIC: 26853.98 -> 26853.98
INFO 2026-06-04 04:26:42,403 tasks 8868 2235994088704 Price update completed
INFO 2026-06-04 04:27:40,438 tasks 8868 2237091162048 BTC-USD: 62855.3 -> 62676.02
INFO 2026-06-04 04:27:40,939 tasks 8868 2237091162048 GC=F: 4487.4 -> 4487.20
INFO 2026-06-04 04:27:41,428 tasks 8868 2237091162048 TEST: 45.88 -> 45.88
INFO 2026-06-04 04:27:41,878 tasks 8868 2237091162048 ^DJI: 50687.07 -> 50687.07
INFO 2026-06-04 04:27:42,351 tasks 8868 2237091162048 ^GSPC: 7553.68 -> 7553.68
INFO 2026-06-04 04:27:42,805 tasks 8868 2237091162048 ^IXIC: 26853.98 -> 26853.98
INFO 2026-06-04 04:27:43,205 tasks 8868 2237091162048 Price update completed
INFO 2026-06-04 04:27:50,449 basehttp 10232 1672 "GET / HTTP/1.1" 200 13921
INFO 2026-06-04 04:27:50,454 basehttp 10232 8852 - Broken pipe from ('127.0.0.1', 55565)
INFO 2026-06-04 04:28:02,338 basehttp 10232 1672 "GET /admin/assets/ HTTP/1.1" 200 16040
INFO 2026-06-04 04:28:07,472 basehttp 10232 1672 "GET /admin/assets/7/edit/ HTTP/1.1" 200 11827
INFO 2026-06-04 04:28:21,240 basehttp 10232 1672 "GET /admin/assets/1/edit/ HTTP/1.1" 200 11824
INFO 2026-06-04 04:28:30,513 basehttp 10232 1672 "POST /admin/assets/1/edit/ HTTP/1.1" 302 0
INFO 2026-06-04 04:28:30,532 basehttp 10232 1672 "GET /admin/assets/ HTTP/1.1" 200 16335
INFO 2026-06-04 04:28:33,110 basehttp 10232 1672 "GET /admin/margin-call/ HTTP/1.1" 200 33548
INFO 2026-06-04 04:28:40,441 tasks 8868 2237091246464 BTC-USD: 62676.02 -> 62599.99
INFO 2026-06-04 04:28:40,794 tasks 8868 2237091246464 GC=F: 4487.2 -> 4490.80
INFO 2026-06-04 04:28:41,142 tasks 8868 2237091246464 TEST: 2.0 -> 45.88
INFO 2026-06-04 04:28:41,469 tasks 8868 2237091246464 ^DJI: 50687.07 -> 50687.07
INFO 2026-06-04 04:28:41,784 tasks 8868 2237091246464 ^GSPC: 7553.68 -> 7553.68
INFO 2026-06-04 04:28:42,125 tasks 8868 2237091246464 ^IXIC: 26853.98 -> 26853.98
INFO 2026-06-04 04:28:42,376 tasks 8868 2237091246464 Price update completed
INFO 2026-06-04 04:28:43,846 basehttp 10232 1672 "GET /admin/assets/ HTTP/1.1" 200 16040
INFO 2026-06-04 04:28:48,943 basehttp 10232 1672 "GET /admin/margin-call/ HTTP/1.1" 200 28966
INFO 2026-06-04 04:28:53,278 basehttp 10232 1672 "GET /admin/assets/ HTTP/1.1" 200 16040
INFO 2026-06-04 04:29:40,444 tasks 8868 2237073549632 BTC-USD: 62599.99 -> 62611.47
INFO 2026-06-04 04:29:40,780 tasks 8868 2237073549632 GC=F: 4490.8 -> 4488.70
INFO 2026-06-04 04:29:41,132 tasks 8868 2237073549632 TEST: 45.88 -> 45.88
INFO 2026-06-04 04:29:41,474 tasks 8868 2237073549632 ^DJI: 50687.07 -> 50687.07
INFO 2026-06-04 04:29:41,807 tasks 8868 2237073549632 ^GSPC: 7553.68 -> 7553.68
INFO 2026-06-04 04:29:42,146 tasks 8868 2237073549632 ^IXIC: 26853.98 -> 26853.98
INFO 2026-06-04 04:29:42,376 tasks 8868 2237073549632 Price update completed
INFO 2026-06-04 04:30:40,448 tasks 8868 2237091165440 BTC-USD: 62611.47 -> 62688.00
INFO 2026-06-04 04:30:41,054 tasks 8868 2237091165440 GC=F: 4488.7 -> 4495.30
INFO 2026-06-04 04:30:41,384 tasks 8868 2237091165440 TEST: 45.88 -> 45.88
INFO 2026-06-04 04:30:41,708 tasks 8868 2237091165440 ^DJI: 50687.07 -> 50687.07
INFO 2026-06-04 04:30:42,018 tasks 8868 2237091165440 ^GSPC: 7553.68 -> 7553.68
INFO 2026-06-04 04:30:42,340 tasks 8868 2237091165440 ^IXIC: 26853.98 -> 26853.98
INFO 2026-06-04 04:30:42,587 tasks 8868 2237091165440 Price update completed
INFO 2026-06-04 04:31:40,439 tasks 8868 2235998836352 BTC-USD: 62688.0 -> 62781.15
INFO 2026-06-04 04:31:40,811 tasks 8868 2235998836352 GC=F: 4495.3 -> 4494.80
INFO 2026-06-04 04:31:41,274 tasks 8868 2235998836352 TEST: 45.88 -> 45.88
INFO 2026-06-04 04:31:41,818 tasks 8868 2235998836352 ^DJI: 50687.07 -> 50687.07
INFO 2026-06-04 04:31:42,212 tasks 8868 2235998836352 ^GSPC: 7553.68 -> 7553.68
INFO 2026-06-04 04:31:42,529 tasks 8868 2235998836352 ^IXIC: 26853.98 -> 26853.98
INFO 2026-06-04 04:31:42,800 tasks 8868 2235998836352 Price update completed
INFO 2026-06-04 04:32:40,457 tasks 8868 2237091329536 BTC-USD: 62781.15 -> 62842.95
INFO 2026-06-04 04:32:41,110 tasks 8868 2237091329536 GC=F: 4494.8 -> 4498.00
INFO 2026-06-04 04:32:41,751 tasks 8868 2237091329536 TEST: 45.88 -> 45.88
INFO 2026-06-04 04:32:42,319 tasks 8868 2237091329536 ^DJI: 50687.07 -> 50687.07
INFO 2026-06-04 04:32:42,907 tasks 8868 2237091329536 ^GSPC: 7553.68 -> 7553.68
INFO 2026-06-04 04:32:43,532 tasks 8868 2237091329536 ^IXIC: 26853.98 -> 26853.98
INFO 2026-06-04 04:32:44,124 tasks 8868 2237091329536 Price update completed
INFO 2026-06-04 08:29:16,914 tasks 8868 2235995385344 BTC-USD: 62842.95 -> 63824.99
INFO 2026-06-04 08:29:17,809 tasks 8868 2235995385344 GC=F: 4498.0 -> 4504.40
INFO 2026-06-04 08:29:18,605 tasks 8868 2235995385344 TEST: 45.88 -> 45.88
INFO 2026-06-04 08:29:19,370 tasks 8868 2235995385344 ^DJI: 50687.07 -> 50687.07
INFO 2026-06-04 08:29:20,091 tasks 8868 2235995385344 ^GSPC: 7553.68 -> 7553.68
INFO 2026-06-04 08:29:21,000 tasks 8868 2235995385344 ^IXIC: 26853.98 -> 26853.98
INFO 2026-06-04 08:29:21,956 tasks 8868 2235995385344 Price update completed
INFO 2026-06-04 08:30:16,941 tasks 8868 2237091212096 BTC-USD: 63824.99 -> 63768.25
INFO 2026-06-04 08:30:17,323 tasks 8868 2237091212096 GC=F: 4504.4 -> 4502.10
INFO 2026-06-04 08:30:17,672 tasks 8868 2237091212096 TEST: 45.88 -> 45.88
INFO 2026-06-04 08:30:18,002 tasks 8868 2237091212096 ^DJI: 50687.07 -> 50687.07
INFO 2026-06-04 08:30:18,335 tasks 8868 2237091212096 ^GSPC: 7553.68 -> 7553.68
INFO 2026-06-04 08:30:18,737 tasks 8868 2237091212096 ^IXIC: 26853.98 -> 26853.98
INFO 2026-06-04 08:30:18,978 tasks 8868 2237091212096 Price update completed
INFO 2026-06-04 08:31:16,896 tasks 8868 2237091403840 BTC-USD: 63768.25 -> 63778.00
INFO 2026-06-04 08:31:17,248 tasks 8868 2237091403840 GC=F: 4502.1 -> 4501.50
INFO 2026-06-04 08:31:17,573 tasks 8868 2237091403840 TEST: 45.88 -> 45.88
INFO 2026-06-04 08:31:17,929 tasks 8868 2237091403840 ^DJI: 50687.07 -> 50687.07
INFO 2026-06-04 08:31:18,247 tasks 8868 2237091403840 ^GSPC: 7553.68 -> 7553.68
INFO 2026-06-04 08:31:18,570 tasks 8868 2237091403840 ^IXIC: 26853.98 -> 26853.98
INFO 2026-06-04 08:31:18,827 tasks 8868 2237091403840 Price update completed
INFO 2026-06-04 08:32:02,559 autoreload 10232 10612 W:\semestr\mybank\mybank\settings.py changed, reloading.
INFO 2026-06-04 08:32:04,815 autoreload 18644 18972 Watching for file changes with StatReloader
INFO 2026-06-04 08:32:16,961 tasks 8868 2237073658944 BTC-USD: 63778.0 -> 63865.75
INFO 2026-06-04 08:32:17,303 tasks 8868 2237073658944 GC=F: 4501.5 -> 4501.30
INFO 2026-06-04 08:32:17,627 tasks 8868 2237073658944 TEST: 45.88 -> 45.88
INFO 2026-06-04 08:32:17,958 tasks 8868 2237073658944 ^DJI: 50687.07 -> 50687.07
INFO 2026-06-04 08:32:18,321 tasks 8868 2237073658944 ^GSPC: 7553.68 -> 7553.68
INFO 2026-06-04 08:32:18,661 tasks 8868 2237073658944 ^IXIC: 26853.98 -> 26853.98
INFO 2026-06-04 08:32:18,939 tasks 8868 2237073658944 Price update completed
INFO 2026-06-04 08:33:16,901 tasks 8868 2237091571648 BTC-USD: 63865.75 -> 64018.50
INFO 2026-06-04 08:33:17,275 tasks 8868 2237091571648 GC=F: 4501.3 -> 4501.80
INFO 2026-06-04 08:33:17,600 tasks 8868 2237091571648 TEST: 45.88 -> 45.88
INFO 2026-06-04 08:33:17,969 tasks 8868 2237091571648 ^DJI: 50687.07 -> 50687.07
INFO 2026-06-04 08:33:18,387 tasks 8868 2237091571648 ^GSPC: 7553.68 -> 7553.68
INFO 2026-06-04 08:33:18,792 tasks 8868 2237091571648 ^IXIC: 26853.98 -> 26853.98
INFO 2026-06-04 08:33:19,094 tasks 8868 2237091571648 Price update completed
INFO 2026-06-04 08:34:16,901 tasks 8868 2237091459200 BTC-USD: 64018.5 -> 64108.00
INFO 2026-06-04 08:34:17,283 tasks 8868 2237091459200 GC=F: 4501.8 -> 4500.80
INFO 2026-06-04 08:34:17,717 tasks 8868 2237091459200 TEST: 45.88 -> 45.88
INFO 2026-06-04 08:34:18,258 tasks 8868 2237091459200 ^DJI: 50687.07 -> 50687.07
INFO 2026-06-04 08:34:18,582 tasks 8868 2237091459200 ^GSPC: 7553.68 -> 7553.68
INFO 2026-06-04 08:34:19,009 tasks 8868 2237091459200 ^IXIC: 26853.98 -> 26853.98
INFO 2026-06-04 08:34:19,351 tasks 8868 2237091459200 Price update completed
INFO 2026-06-04 08:35:16,961 tasks 8868 2235997749952 BTC-USD: 64108.0 -> 64170.00
INFO 2026-06-04 08:35:17,734 tasks 8868 2235997749952 GC=F: 4500.8 -> 4498.90
INFO 2026-06-04 08:35:18,171 tasks 8868 2235997749952 TEST: 45.88 -> 45.88
INFO 2026-06-04 08:35:18,637 tasks 8868 2235997749952 ^DJI: 50687.07 -> 50687.07
INFO 2026-06-04 08:35:19,064 tasks 8868 2235997749952 ^GSPC: 7553.68 -> 7553.68
INFO 2026-06-04 08:35:19,504 tasks 8868 2235997749952 ^IXIC: 26853.98 -> 26853.98
INFO 2026-06-04 08:35:20,034 tasks 8868 2235997749952 Price update completed
INFO 2026-06-04 08:36:16,912 tasks 8868 2237091565888 BTC-USD: 64170.0 -> 64170.54
INFO 2026-06-04 08:36:17,357 tasks 8868 2237091565888 GC=F: 4498.9 -> 4499.30
INFO 2026-06-04 08:36:17,745 tasks 8868 2237091565888 TEST: 45.88 -> 45.88
INFO 2026-06-04 08:36:18,146 tasks 8868 2237091565888 ^DJI: 50687.07 -> 50687.07
INFO 2026-06-04 08:36:18,496 tasks 8868 2237091565888 ^GSPC: 7553.68 -> 7553.68
INFO 2026-06-04 08:36:18,828 tasks 8868 2237091565888 ^IXIC: 26853.98 -> 26853.98
INFO 2026-06-04 08:36:19,057 tasks 8868 2237091565888 Price update completed
INFO 2026-06-04 08:37:16,919 tasks 8868 2237091696576 BTC-USD: 64170.54 -> 64135.00
INFO 2026-06-04 08:37:17,338 tasks 8868 2237091696576 GC=F: 4499.3 -> 4498.50
INFO 2026-06-04 08:37:17,691 tasks 8868 2237091696576 TEST: 45.88 -> 45.88
INFO 2026-06-04 08:37:18,026 tasks 8868 2237091696576 ^DJI: 50687.07 -> 50687.07
INFO 2026-06-04 08:37:18,382 tasks 8868 2237091696576 ^GSPC: 7553.68 -> 7553.68
INFO 2026-06-04 08:37:18,744 tasks 8868 2237091696576 ^IXIC: 26853.98 -> 26853.98
INFO 2026-06-04 08:37:18,967 tasks 8868 2237091696576 Price update completed
INFO 2026-06-04 08:37:59,186 autoreload 18644 18972 W:\semestr\mybank\mybank\settings.py changed, reloading.
INFO 2026-06-04 08:38:01,380 autoreload 10248 19428 Watching for file changes with StatReloader
INFO 2026-06-04 08:38:16,924 tasks 8868 2237074018176 BTC-USD: 64135.0 -> 64054.25
INFO 2026-06-04 08:38:17,295 tasks 8868 2237074018176 GC=F: 4498.5 -> 4499.10
INFO 2026-06-04 08:38:17,650 tasks 8868 2237074018176 TEST: 45.88 -> 45.88
INFO 2026-06-04 08:38:17,992 tasks 8868 2237074018176 ^DJI: 50687.07 -> 50687.07
INFO 2026-06-04 08:38:18,371 tasks 8868 2237074018176 ^GSPC: 7553.68 -> 7553.68
INFO 2026-06-04 08:38:18,727 tasks 8868 2237074018176 ^IXIC: 26853.98 -> 26853.98
INFO 2026-06-04 08:38:18,969 tasks 8868 2237074018176 Price update completed
